ISO-10303-21;
HEADER;
/* Generated by software containing ST-Developer
 * from STEP Tools, Inc. (www.steptools.com) 
 */
/* OPTION: using custom renumber hook */

FILE_DESCRIPTION(
/* description */ ('STEP AP242',
'CAx-IF Rec.Pracs.---Representation and Presentation of Product Manufa
cturing Information (PMI)---4.0---2014-10-13',
'CAx-IF Rec.Pracs.---3D Tessellated Geometry---0.4---2014-09-14','2;1'),

/* implementation_level */ '2;1');

FILE_NAME(
/* name */ '6881a745d0e9f459e8f241a0',
/* time_stamp */ '2025-07-24T03:23:49Z',
/* author */ (''),
/* organization */ (''),
/* preprocessor_version */ 'ST-DEVELOPER v20',
/* originating_system */ 'ONSHAPE BY PTC INC, 1.201',
/* authorisation */ '  ');

FILE_SCHEMA (('AP242_MANAGED_MODEL_BASED_3D_ENGINEERING_MIM_LF { 1 0 10303 442 1 1 4 }'));
ENDSEC;

DATA;
#10=SHAPE_REPRESENTATION_RELATIONSHIP('','',#1679,#11);
#11=ADVANCED_BREP_SHAPE_REPRESENTATION('',(#1677),#2829);
#12=CYLINDRICAL_SURFACE('',#1709,0.0016);
#13=CYLINDRICAL_SURFACE('',#1712,0.0016);
#14=CYLINDRICAL_SURFACE('',#1715,0.0016);
#15=CYLINDRICAL_SURFACE('',#1718,0.0016);
#16=CYLINDRICAL_SURFACE('',#1721,0.0285);
#17=CYLINDRICAL_SURFACE('',#1723,0.0285);
#18=CYLINDRICAL_SURFACE('',#1725,0.0016);
#19=CYLINDRICAL_SURFACE('',#1727,0.0016);
#20=CYLINDRICAL_SURFACE('',#1729,0.0016);
#21=CYLINDRICAL_SURFACE('',#1731,0.0016);
#22=CYLINDRICAL_SURFACE('',#1733,0.0016);
#23=CYLINDRICAL_SURFACE('',#1735,0.0016);
#24=CYLINDRICAL_SURFACE('',#1737,0.0175);
#25=CYLINDRICAL_SURFACE('',#1739,0.0175);
#26=CYLINDRICAL_SURFACE('',#1741,0.0175);
#27=CYLINDRICAL_SURFACE('',#1743,0.0175);
#28=CYLINDRICAL_SURFACE('',#1752,0.0016);
#29=CYLINDRICAL_SURFACE('',#1755,0.0016);
#30=CYLINDRICAL_SURFACE('',#1764,0.0021);
#31=CYLINDRICAL_SURFACE('',#1767,0.0021);
#32=CYLINDRICAL_SURFACE('',#1770,0.0021);
#33=CYLINDRICAL_SURFACE('',#1773,0.0472923593670052);
#34=CYLINDRICAL_SURFACE('',#1775,0.0285);
#35=CYLINDRICAL_SURFACE('',#1777,0.0472923593670053);
#36=CYLINDRICAL_SURFACE('',#1779,0.0021);
#37=CYLINDRICAL_SURFACE('',#1798,0.00285);
#38=CYLINDRICAL_SURFACE('',#1801,0.00285);
#39=CYLINDRICAL_SURFACE('',#1804,0.00285);
#40=CYLINDRICAL_SURFACE('',#1807,0.00285);
#41=CYLINDRICAL_SURFACE('',#1810,0.00285);
#42=CYLINDRICAL_SURFACE('',#1813,0.00285);
#43=CYLINDRICAL_SURFACE('',#1822,0.003);
#44=CYLINDRICAL_SURFACE('',#1823,0.003);
#45=CYLINDRICAL_SURFACE('',#1824,0.003);
#46=CYLINDRICAL_SURFACE('',#1825,0.003);
#47=CYLINDRICAL_SURFACE('',#1826,0.003);
#48=CYLINDRICAL_SURFACE('',#1827,0.003);
#49=CYLINDRICAL_SURFACE('',#1828,0.003);
#50=CYLINDRICAL_SURFACE('',#1829,0.003);
#51=CYLINDRICAL_SURFACE('',#1830,0.004);
#52=CYLINDRICAL_SURFACE('',#1831,0.004);
#53=CYLINDRICAL_SURFACE('',#1860,0.005);
#54=CYLINDRICAL_SURFACE('',#1861,0.005);
#55=CIRCLE('',#1682,0.0472923593670053);
#56=CIRCLE('',#1683,0.0285);
#57=CIRCLE('',#1684,0.003);
#58=CIRCLE('',#1685,0.003);
#59=CIRCLE('',#1686,0.003);
#60=CIRCLE('',#1687,0.003);
#61=CIRCLE('',#1688,0.0285);
#62=CIRCLE('',#1689,0.003);
#63=CIRCLE('',#1690,0.003);
#64=CIRCLE('',#1691,0.003);
#65=CIRCLE('',#1692,0.003);
#66=CIRCLE('',#1693,0.0285);
#67=CIRCLE('',#1694,0.0472923593670052);
#68=CIRCLE('',#1695,0.0016);
#69=CIRCLE('',#1696,0.0016);
#70=CIRCLE('',#1697,0.0016);
#71=CIRCLE('',#1698,0.0016);
#72=CIRCLE('',#1699,0.0016);
#73=CIRCLE('',#1700,0.0016);
#74=CIRCLE('',#1701,0.0175);
#75=CIRCLE('',#1702,0.0021);
#76=CIRCLE('',#1703,0.0175);
#77=CIRCLE('',#1704,0.0021);
#78=CIRCLE('',#1705,0.0175);
#79=CIRCLE('',#1706,0.0021);
#80=CIRCLE('',#1707,0.0175);
#81=CIRCLE('',#1708,0.0021);
#82=CIRCLE('',#1710,0.0016);
#83=CIRCLE('',#1711,0.0016);
#84=CIRCLE('',#1713,0.0016);
#85=CIRCLE('',#1714,0.0016);
#86=CIRCLE('',#1716,0.0016);
#87=CIRCLE('',#1717,0.0016);
#88=CIRCLE('',#1719,0.0016);
#89=CIRCLE('',#1720,0.0016);
#90=CIRCLE('',#1722,0.0285);
#91=CIRCLE('',#1724,0.0285);
#92=CIRCLE('',#1726,0.0016);
#93=CIRCLE('',#1728,0.0016);
#94=CIRCLE('',#1730,0.0016);
#95=CIRCLE('',#1732,0.0016);
#96=CIRCLE('',#1734,0.0016);
#97=CIRCLE('',#1736,0.0016);
#98=CIRCLE('',#1738,0.0175);
#99=CIRCLE('',#1740,0.0175);
#100=CIRCLE('',#1742,0.0175);
#101=CIRCLE('',#1744,0.0175);
#102=CIRCLE('',#1746,0.004);
#103=CIRCLE('',#1747,0.004);
#104=CIRCLE('',#1750,0.004);
#105=CIRCLE('',#1751,0.004);
#106=CIRCLE('',#1753,0.0016);
#107=CIRCLE('',#1754,0.0016);
#108=CIRCLE('',#1756,0.0016);
#109=CIRCLE('',#1757,0.0016);
#110=CIRCLE('',#1759,0.005);
#111=CIRCLE('',#1760,0.005);
#112=CIRCLE('',#1762,0.005);
#113=CIRCLE('',#1763,0.005);
#114=CIRCLE('',#1765,0.0021);
#115=CIRCLE('',#1766,0.0021);
#116=CIRCLE('',#1768,0.0021);
#117=CIRCLE('',#1769,0.0021);
#118=CIRCLE('',#1771,0.0021);
#119=CIRCLE('',#1772,0.0021);
#120=CIRCLE('',#1774,0.0472923593670052);
#121=CIRCLE('',#1776,0.0285);
#122=CIRCLE('',#1778,0.0472923593670053);
#123=CIRCLE('',#1780,0.0021);
#124=CIRCLE('',#1781,0.0021);
#125=CIRCLE('',#1783,0.00285);
#126=CIRCLE('',#1784,0.00285);
#127=CIRCLE('',#1785,0.00285);
#128=CIRCLE('',#1786,0.00285);
#129=CIRCLE('',#1787,0.00285);
#130=CIRCLE('',#1788,0.00285);
#131=CIRCLE('',#1789,0.003);
#132=CIRCLE('',#1790,0.003);
#133=CIRCLE('',#1791,0.003);
#134=CIRCLE('',#1792,0.003);
#135=CIRCLE('',#1793,0.003);
#136=CIRCLE('',#1794,0.003);
#137=CIRCLE('',#1795,0.003);
#138=CIRCLE('',#1796,0.003);
#139=CIRCLE('',#1799,0.00285);
#140=CIRCLE('',#1802,0.00285);
#141=CIRCLE('',#1805,0.00285);
#142=CIRCLE('',#1808,0.00285);
#143=CIRCLE('',#1811,0.00285);
#144=CIRCLE('',#1814,0.00285);
#145=ORIENTED_EDGE('',*,*,#585,.T.);
#146=ORIENTED_EDGE('',*,*,#586,.T.);
#147=ORIENTED_EDGE('',*,*,#587,.T.);
#148=ORIENTED_EDGE('',*,*,#588,.T.);
#149=ORIENTED_EDGE('',*,*,#589,.T.);
#150=ORIENTED_EDGE('',*,*,#590,.T.);
#151=ORIENTED_EDGE('',*,*,#591,.F.);
#152=ORIENTED_EDGE('',*,*,#592,.F.);
#153=ORIENTED_EDGE('',*,*,#593,.F.);
#154=ORIENTED_EDGE('',*,*,#594,.F.);
#155=ORIENTED_EDGE('',*,*,#595,.F.);
#156=ORIENTED_EDGE('',*,*,#596,.F.);
#157=ORIENTED_EDGE('',*,*,#597,.F.);
#158=ORIENTED_EDGE('',*,*,#598,.F.);
#159=ORIENTED_EDGE('',*,*,#599,.F.);
#160=ORIENTED_EDGE('',*,*,#600,.F.);
#161=ORIENTED_EDGE('',*,*,#601,.F.);
#162=ORIENTED_EDGE('',*,*,#602,.F.);
#163=ORIENTED_EDGE('',*,*,#603,.F.);
#164=ORIENTED_EDGE('',*,*,#604,.T.);
#165=ORIENTED_EDGE('',*,*,#605,.T.);
#166=ORIENTED_EDGE('',*,*,#606,.T.);
#167=ORIENTED_EDGE('',*,*,#607,.F.);
#168=ORIENTED_EDGE('',*,*,#608,.T.);
#169=ORIENTED_EDGE('',*,*,#609,.T.);
#170=ORIENTED_EDGE('',*,*,#610,.T.);
#171=ORIENTED_EDGE('',*,*,#611,.T.);
#172=ORIENTED_EDGE('',*,*,#612,.T.);
#173=ORIENTED_EDGE('',*,*,#613,.F.);
#174=ORIENTED_EDGE('',*,*,#614,.T.);
#175=ORIENTED_EDGE('',*,*,#615,.F.);
#176=ORIENTED_EDGE('',*,*,#616,.T.);
#177=ORIENTED_EDGE('',*,*,#617,.F.);
#178=ORIENTED_EDGE('',*,*,#618,.T.);
#179=ORIENTED_EDGE('',*,*,#619,.F.);
#180=ORIENTED_EDGE('',*,*,#620,.T.);
#181=ORIENTED_EDGE('',*,*,#621,.T.);
#182=ORIENTED_EDGE('',*,*,#622,.T.);
#183=ORIENTED_EDGE('',*,*,#623,.F.);
#184=ORIENTED_EDGE('',*,*,#624,.T.);
#185=ORIENTED_EDGE('',*,*,#625,.T.);
#186=ORIENTED_EDGE('',*,*,#626,.T.);
#187=ORIENTED_EDGE('',*,*,#627,.T.);
#188=ORIENTED_EDGE('',*,*,#628,.T.);
#189=ORIENTED_EDGE('',*,*,#629,.T.);
#190=ORIENTED_EDGE('',*,*,#630,.T.);
#191=ORIENTED_EDGE('',*,*,#631,.T.);
#192=ORIENTED_EDGE('',*,*,#632,.T.);
#193=ORIENTED_EDGE('',*,*,#633,.T.);
#194=ORIENTED_EDGE('',*,*,#634,.T.);
#195=ORIENTED_EDGE('',*,*,#635,.T.);
#196=ORIENTED_EDGE('',*,*,#636,.T.);
#197=ORIENTED_EDGE('',*,*,#637,.T.);
#198=ORIENTED_EDGE('',*,*,#638,.T.);
#199=ORIENTED_EDGE('',*,*,#639,.T.);
#200=ORIENTED_EDGE('',*,*,#640,.T.);
#201=ORIENTED_EDGE('',*,*,#641,.T.);
#202=ORIENTED_EDGE('',*,*,#642,.T.);
#203=ORIENTED_EDGE('',*,*,#643,.T.);
#204=ORIENTED_EDGE('',*,*,#644,.T.);
#205=ORIENTED_EDGE('',*,*,#645,.T.);
#206=ORIENTED_EDGE('',*,*,#646,.T.);
#207=ORIENTED_EDGE('',*,*,#647,.T.);
#208=ORIENTED_EDGE('',*,*,#648,.T.);
#209=ORIENTED_EDGE('',*,*,#649,.T.);
#210=ORIENTED_EDGE('',*,*,#650,.T.);
#211=ORIENTED_EDGE('',*,*,#651,.T.);
#212=ORIENTED_EDGE('',*,*,#652,.T.);
#213=ORIENTED_EDGE('',*,*,#653,.F.);
#214=ORIENTED_EDGE('',*,*,#654,.T.);
#215=ORIENTED_EDGE('',*,*,#607,.T.);
#216=ORIENTED_EDGE('',*,*,#655,.F.);
#217=ORIENTED_EDGE('',*,*,#615,.T.);
#218=ORIENTED_EDGE('',*,*,#656,.T.);
#219=ORIENTED_EDGE('',*,*,#657,.F.);
#220=ORIENTED_EDGE('',*,*,#658,.T.);
#221=ORIENTED_EDGE('',*,*,#630,.F.);
#222=ORIENTED_EDGE('',*,*,#659,.T.);
#223=ORIENTED_EDGE('',*,*,#629,.F.);
#224=ORIENTED_EDGE('',*,*,#660,.T.);
#225=ORIENTED_EDGE('',*,*,#628,.F.);
#226=ORIENTED_EDGE('',*,*,#661,.T.);
#227=ORIENTED_EDGE('',*,*,#627,.F.);
#228=ORIENTED_EDGE('',*,*,#662,.T.);
#229=ORIENTED_EDGE('',*,*,#626,.F.);
#230=ORIENTED_EDGE('',*,*,#663,.T.);
#231=ORIENTED_EDGE('',*,*,#625,.F.);
#232=ORIENTED_EDGE('',*,*,#664,.T.);
#233=ORIENTED_EDGE('',*,*,#665,.F.);
#234=ORIENTED_EDGE('',*,*,#666,.T.);
#235=ORIENTED_EDGE('',*,*,#667,.T.);
#236=ORIENTED_EDGE('',*,*,#631,.F.);
#237=ORIENTED_EDGE('',*,*,#668,.F.);
#238=ORIENTED_EDGE('',*,*,#669,.T.);
#239=ORIENTED_EDGE('',*,*,#670,.T.);
#240=ORIENTED_EDGE('',*,*,#637,.F.);
#241=ORIENTED_EDGE('',*,*,#671,.F.);
#242=ORIENTED_EDGE('',*,*,#672,.T.);
#243=ORIENTED_EDGE('',*,*,#673,.T.);
#244=ORIENTED_EDGE('',*,*,#635,.F.);
#245=ORIENTED_EDGE('',*,*,#674,.F.);
#246=ORIENTED_EDGE('',*,*,#675,.T.);
#247=ORIENTED_EDGE('',*,*,#676,.T.);
#248=ORIENTED_EDGE('',*,*,#633,.F.);
#249=ORIENTED_EDGE('',*,*,#677,.F.);
#250=ORIENTED_EDGE('',*,*,#678,.T.);
#251=ORIENTED_EDGE('',*,*,#679,.T.);
#252=ORIENTED_EDGE('',*,*,#680,.T.);
#253=ORIENTED_EDGE('',*,*,#681,.T.);
#254=ORIENTED_EDGE('',*,*,#682,.T.);
#255=ORIENTED_EDGE('',*,*,#605,.F.);
#256=ORIENTED_EDGE('',*,*,#683,.T.);
#257=ORIENTED_EDGE('',*,*,#684,.F.);
#258=ORIENTED_EDGE('',*,*,#685,.T.);
#259=ORIENTED_EDGE('',*,*,#686,.T.);
#260=ORIENTED_EDGE('',*,*,#687,.T.);
#261=ORIENTED_EDGE('',*,*,#688,.F.);
#262=ORIENTED_EDGE('',*,*,#689,.T.);
#263=ORIENTED_EDGE('',*,*,#690,.T.);
#264=ORIENTED_EDGE('',*,*,#691,.T.);
#265=ORIENTED_EDGE('',*,*,#603,.T.);
#266=ORIENTED_EDGE('',*,*,#692,.F.);
#267=ORIENTED_EDGE('',*,*,#693,.F.);
#268=ORIENTED_EDGE('',*,*,#694,.T.);
#269=ORIENTED_EDGE('',*,*,#695,.T.);
#270=ORIENTED_EDGE('',*,*,#696,.F.);
#271=ORIENTED_EDGE('',*,*,#697,.T.);
#272=ORIENTED_EDGE('',*,*,#698,.F.);
#273=ORIENTED_EDGE('',*,*,#686,.F.);
#274=ORIENTED_EDGE('',*,*,#699,.T.);
#275=ORIENTED_EDGE('',*,*,#688,.T.);
#276=ORIENTED_EDGE('',*,*,#700,.T.);
#277=ORIENTED_EDGE('',*,*,#679,.F.);
#278=ORIENTED_EDGE('',*,*,#701,.T.);
#279=ORIENTED_EDGE('',*,*,#695,.F.);
#280=ORIENTED_EDGE('',*,*,#697,.F.);
#281=ORIENTED_EDGE('',*,*,#690,.F.);
#282=ORIENTED_EDGE('',*,*,#702,.T.);
#283=ORIENTED_EDGE('',*,*,#684,.T.);
#284=ORIENTED_EDGE('',*,*,#703,.T.);
#285=ORIENTED_EDGE('',*,*,#677,.T.);
#286=ORIENTED_EDGE('',*,*,#704,.T.);
#287=ORIENTED_EDGE('',*,*,#696,.T.);
#288=ORIENTED_EDGE('',*,*,#698,.T.);
#289=ORIENTED_EDGE('',*,*,#670,.F.);
#290=ORIENTED_EDGE('',*,*,#705,.F.);
#291=ORIENTED_EDGE('',*,*,#665,.T.);
#292=ORIENTED_EDGE('',*,*,#638,.F.);
#293=ORIENTED_EDGE('',*,*,#706,.T.);
#294=ORIENTED_EDGE('',*,*,#673,.F.);
#295=ORIENTED_EDGE('',*,*,#707,.F.);
#296=ORIENTED_EDGE('',*,*,#668,.T.);
#297=ORIENTED_EDGE('',*,*,#636,.F.);
#298=ORIENTED_EDGE('',*,*,#708,.T.);
#299=ORIENTED_EDGE('',*,*,#676,.F.);
#300=ORIENTED_EDGE('',*,*,#709,.F.);
#301=ORIENTED_EDGE('',*,*,#671,.T.);
#302=ORIENTED_EDGE('',*,*,#634,.F.);
#303=ORIENTED_EDGE('',*,*,#710,.T.);
#304=ORIENTED_EDGE('',*,*,#624,.F.);
#305=ORIENTED_EDGE('',*,*,#711,.F.);
#306=ORIENTED_EDGE('',*,*,#712,.T.);
#307=ORIENTED_EDGE('',*,*,#692,.T.);
#308=ORIENTED_EDGE('',*,*,#623,.T.);
#309=ORIENTED_EDGE('',*,*,#713,.T.);
#310=ORIENTED_EDGE('',*,*,#714,.F.);
#311=ORIENTED_EDGE('',*,*,#711,.T.);
#312=ORIENTED_EDGE('',*,*,#606,.F.);
#313=ORIENTED_EDGE('',*,*,#682,.F.);
#314=ORIENTED_EDGE('',*,*,#715,.T.);
#315=ORIENTED_EDGE('',*,*,#655,.T.);
#316=ORIENTED_EDGE('',*,*,#667,.F.);
#317=ORIENTED_EDGE('',*,*,#716,.F.);
#318=ORIENTED_EDGE('',*,*,#674,.T.);
#319=ORIENTED_EDGE('',*,*,#632,.F.);
#320=ORIENTED_EDGE('',*,*,#717,.T.);
#321=ORIENTED_EDGE('',*,*,#718,.F.);
#322=ORIENTED_EDGE('',*,*,#719,.F.);
#323=ORIENTED_EDGE('',*,*,#720,.F.);
#324=ORIENTED_EDGE('',*,*,#721,.F.);
#325=ORIENTED_EDGE('',*,*,#722,.F.);
#326=ORIENTED_EDGE('',*,*,#723,.F.);
#327=ORIENTED_EDGE('',*,*,#717,.F.);
#328=ORIENTED_EDGE('',*,*,#706,.F.);
#329=ORIENTED_EDGE('',*,*,#708,.F.);
#330=ORIENTED_EDGE('',*,*,#681,.F.);
#331=ORIENTED_EDGE('',*,*,#724,.T.);
#332=ORIENTED_EDGE('',*,*,#693,.T.);
#333=ORIENTED_EDGE('',*,*,#712,.F.);
#334=ORIENTED_EDGE('',*,*,#714,.T.);
#335=ORIENTED_EDGE('',*,*,#725,.T.);
#336=ORIENTED_EDGE('',*,*,#726,.T.);
#337=ORIENTED_EDGE('',*,*,#727,.T.);
#338=ORIENTED_EDGE('',*,*,#728,.F.);
#339=ORIENTED_EDGE('',*,*,#729,.T.);
#340=ORIENTED_EDGE('',*,*,#730,.F.);
#341=ORIENTED_EDGE('',*,*,#731,.T.);
#342=ORIENTED_EDGE('',*,*,#657,.T.);
#343=ORIENTED_EDGE('',*,*,#732,.T.);
#344=ORIENTED_EDGE('',*,*,#733,.F.);
#345=ORIENTED_EDGE('',*,*,#734,.T.);
#346=ORIENTED_EDGE('',*,*,#735,.T.);
#347=ORIENTED_EDGE('',*,*,#736,.T.);
#348=ORIENTED_EDGE('',*,*,#737,.T.);
#349=ORIENTED_EDGE('',*,*,#738,.T.);
#350=ORIENTED_EDGE('',*,*,#653,.T.);
#351=ORIENTED_EDGE('',*,*,#715,.F.);
#352=ORIENTED_EDGE('',*,*,#710,.F.);
#353=ORIENTED_EDGE('',*,*,#647,.F.);
#354=ORIENTED_EDGE('',*,*,#645,.F.);
#355=ORIENTED_EDGE('',*,*,#651,.F.);
#356=ORIENTED_EDGE('',*,*,#649,.F.);
#357=ORIENTED_EDGE('',*,*,#666,.F.);
#358=ORIENTED_EDGE('',*,*,#705,.T.);
#359=ORIENTED_EDGE('',*,*,#669,.F.);
#360=ORIENTED_EDGE('',*,*,#707,.T.);
#361=ORIENTED_EDGE('',*,*,#672,.F.);
#362=ORIENTED_EDGE('',*,*,#709,.T.);
#363=ORIENTED_EDGE('',*,*,#675,.F.);
#364=ORIENTED_EDGE('',*,*,#716,.T.);
#365=ORIENTED_EDGE('',*,*,#739,.F.);
#366=ORIENTED_EDGE('',*,*,#723,.T.);
#367=ORIENTED_EDGE('',*,*,#659,.F.);
#368=ORIENTED_EDGE('',*,*,#739,.T.);
#369=ORIENTED_EDGE('',*,*,#740,.F.);
#370=ORIENTED_EDGE('',*,*,#722,.T.);
#371=ORIENTED_EDGE('',*,*,#661,.F.);
#372=ORIENTED_EDGE('',*,*,#740,.T.);
#373=ORIENTED_EDGE('',*,*,#741,.F.);
#374=ORIENTED_EDGE('',*,*,#721,.T.);
#375=ORIENTED_EDGE('',*,*,#662,.F.);
#376=ORIENTED_EDGE('',*,*,#741,.T.);
#377=ORIENTED_EDGE('',*,*,#742,.F.);
#378=ORIENTED_EDGE('',*,*,#720,.T.);
#379=ORIENTED_EDGE('',*,*,#663,.F.);
#380=ORIENTED_EDGE('',*,*,#742,.T.);
#381=ORIENTED_EDGE('',*,*,#743,.F.);
#382=ORIENTED_EDGE('',*,*,#719,.T.);
#383=ORIENTED_EDGE('',*,*,#664,.F.);
#384=ORIENTED_EDGE('',*,*,#743,.T.);
#385=ORIENTED_EDGE('',*,*,#744,.F.);
#386=ORIENTED_EDGE('',*,*,#718,.T.);
#387=ORIENTED_EDGE('',*,*,#660,.F.);
#388=ORIENTED_EDGE('',*,*,#744,.T.);
#389=ORIENTED_EDGE('',*,*,#619,.T.);
#390=ORIENTED_EDGE('',*,*,#745,.T.);
#391=ORIENTED_EDGE('',*,*,#728,.T.);
#392=ORIENTED_EDGE('',*,*,#746,.T.);
#393=ORIENTED_EDGE('',*,*,#726,.F.);
#394=ORIENTED_EDGE('',*,*,#747,.T.);
#395=ORIENTED_EDGE('',*,*,#621,.F.);
#396=ORIENTED_EDGE('',*,*,#748,.T.);
#397=ORIENTED_EDGE('',*,*,#617,.T.);
#398=ORIENTED_EDGE('',*,*,#749,.T.);
#399=ORIENTED_EDGE('',*,*,#730,.T.);
#400=ORIENTED_EDGE('',*,*,#750,.T.);
#401=ORIENTED_EDGE('',*,*,#609,.F.);
#402=ORIENTED_EDGE('',*,*,#751,.T.);
#403=ORIENTED_EDGE('',*,*,#737,.F.);
#404=ORIENTED_EDGE('',*,*,#752,.T.);
#405=ORIENTED_EDGE('',*,*,#733,.T.);
#406=ORIENTED_EDGE('',*,*,#753,.T.);
#407=ORIENTED_EDGE('',*,*,#613,.T.);
#408=ORIENTED_EDGE('',*,*,#754,.T.);
#409=ORIENTED_EDGE('',*,*,#735,.F.);
#410=ORIENTED_EDGE('',*,*,#755,.T.);
#411=ORIENTED_EDGE('',*,*,#611,.F.);
#412=ORIENTED_EDGE('',*,*,#756,.T.);
#413=ORIENTED_EDGE('',*,*,#608,.F.);
#414=ORIENTED_EDGE('',*,*,#654,.F.);
#415=ORIENTED_EDGE('',*,*,#738,.F.);
#416=ORIENTED_EDGE('',*,*,#751,.F.);
#417=ORIENTED_EDGE('',*,*,#622,.F.);
#418=ORIENTED_EDGE('',*,*,#747,.F.);
#419=ORIENTED_EDGE('',*,*,#725,.F.);
#420=ORIENTED_EDGE('',*,*,#713,.F.);
#421=ORIENTED_EDGE('',*,*,#614,.F.);
#422=ORIENTED_EDGE('',*,*,#753,.F.);
#423=ORIENTED_EDGE('',*,*,#732,.F.);
#424=ORIENTED_EDGE('',*,*,#656,.F.);
#425=ORIENTED_EDGE('',*,*,#612,.F.);
#426=ORIENTED_EDGE('',*,*,#755,.F.);
#427=ORIENTED_EDGE('',*,*,#734,.F.);
#428=ORIENTED_EDGE('',*,*,#754,.F.);
#429=ORIENTED_EDGE('',*,*,#610,.F.);
#430=ORIENTED_EDGE('',*,*,#752,.F.);
#431=ORIENTED_EDGE('',*,*,#736,.F.);
#432=ORIENTED_EDGE('',*,*,#756,.F.);
#433=ORIENTED_EDGE('',*,*,#616,.F.);
#434=ORIENTED_EDGE('',*,*,#658,.F.);
#435=ORIENTED_EDGE('',*,*,#731,.F.);
#436=ORIENTED_EDGE('',*,*,#749,.F.);
#437=ORIENTED_EDGE('',*,*,#618,.F.);
#438=ORIENTED_EDGE('',*,*,#750,.F.);
#439=ORIENTED_EDGE('',*,*,#729,.F.);
#440=ORIENTED_EDGE('',*,*,#745,.F.);
#441=ORIENTED_EDGE('',*,*,#620,.F.);
#442=ORIENTED_EDGE('',*,*,#746,.F.);
#443=ORIENTED_EDGE('',*,*,#727,.F.);
#444=ORIENTED_EDGE('',*,*,#748,.F.);
#445=ORIENTED_EDGE('',*,*,#680,.F.);
#446=ORIENTED_EDGE('',*,*,#700,.F.);
#447=ORIENTED_EDGE('',*,*,#694,.F.);
#448=ORIENTED_EDGE('',*,*,#724,.F.);
#449=ORIENTED_EDGE('',*,*,#691,.F.);
#450=ORIENTED_EDGE('',*,*,#704,.F.);
#451=ORIENTED_EDGE('',*,*,#683,.F.);
#452=ORIENTED_EDGE('',*,*,#604,.F.);
#453=ORIENTED_EDGE('',*,*,#585,.F.);
#454=ORIENTED_EDGE('',*,*,#757,.F.);
#455=ORIENTED_EDGE('',*,*,#758,.T.);
#456=ORIENTED_EDGE('',*,*,#759,.T.);
#457=ORIENTED_EDGE('',*,*,#590,.F.);
#458=ORIENTED_EDGE('',*,*,#760,.F.);
#459=ORIENTED_EDGE('',*,*,#761,.T.);
#460=ORIENTED_EDGE('',*,*,#757,.T.);
#461=ORIENTED_EDGE('',*,*,#589,.F.);
#462=ORIENTED_EDGE('',*,*,#762,.F.);
#463=ORIENTED_EDGE('',*,*,#763,.T.);
#464=ORIENTED_EDGE('',*,*,#760,.T.);
#465=ORIENTED_EDGE('',*,*,#588,.F.);
#466=ORIENTED_EDGE('',*,*,#764,.F.);
#467=ORIENTED_EDGE('',*,*,#765,.T.);
#468=ORIENTED_EDGE('',*,*,#762,.T.);
#469=ORIENTED_EDGE('',*,*,#587,.F.);
#470=ORIENTED_EDGE('',*,*,#766,.F.);
#471=ORIENTED_EDGE('',*,*,#767,.T.);
#472=ORIENTED_EDGE('',*,*,#764,.T.);
#473=ORIENTED_EDGE('',*,*,#586,.F.);
#474=ORIENTED_EDGE('',*,*,#759,.F.);
#475=ORIENTED_EDGE('',*,*,#768,.T.);
#476=ORIENTED_EDGE('',*,*,#766,.T.);
#477=ORIENTED_EDGE('',*,*,#758,.F.);
#478=ORIENTED_EDGE('',*,*,#761,.F.);
#479=ORIENTED_EDGE('',*,*,#763,.F.);
#480=ORIENTED_EDGE('',*,*,#765,.F.);
#481=ORIENTED_EDGE('',*,*,#767,.F.);
#482=ORIENTED_EDGE('',*,*,#768,.F.);
#483=ORIENTED_EDGE('',*,*,#652,.F.);
#484=ORIENTED_EDGE('',*,*,#592,.T.);
#485=ORIENTED_EDGE('',*,*,#769,.F.);
#486=ORIENTED_EDGE('',*,*,#770,.F.);
#487=ORIENTED_EDGE('',*,*,#771,.T.);
#488=ORIENTED_EDGE('',*,*,#591,.T.);
#489=ORIENTED_EDGE('',*,*,#772,.F.);
#490=ORIENTED_EDGE('',*,*,#773,.F.);
#491=ORIENTED_EDGE('',*,*,#769,.T.);
#492=ORIENTED_EDGE('',*,*,#596,.T.);
#493=ORIENTED_EDGE('',*,*,#774,.F.);
#494=ORIENTED_EDGE('',*,*,#775,.F.);
#495=ORIENTED_EDGE('',*,*,#772,.T.);
#496=ORIENTED_EDGE('',*,*,#595,.T.);
#497=ORIENTED_EDGE('',*,*,#776,.F.);
#498=ORIENTED_EDGE('',*,*,#777,.F.);
#499=ORIENTED_EDGE('',*,*,#774,.T.);
#500=ORIENTED_EDGE('',*,*,#594,.T.);
#501=ORIENTED_EDGE('',*,*,#778,.F.);
#502=ORIENTED_EDGE('',*,*,#779,.F.);
#503=ORIENTED_EDGE('',*,*,#776,.T.);
#504=ORIENTED_EDGE('',*,*,#593,.T.);
#505=ORIENTED_EDGE('',*,*,#771,.F.);
#506=ORIENTED_EDGE('',*,*,#780,.F.);
#507=ORIENTED_EDGE('',*,*,#778,.T.);
#508=ORIENTED_EDGE('',*,*,#650,.F.);
#509=ORIENTED_EDGE('',*,*,#770,.T.);
#510=ORIENTED_EDGE('',*,*,#773,.T.);
#511=ORIENTED_EDGE('',*,*,#775,.T.);
#512=ORIENTED_EDGE('',*,*,#777,.T.);
#513=ORIENTED_EDGE('',*,*,#779,.T.);
#514=ORIENTED_EDGE('',*,*,#780,.T.);
#515=ORIENTED_EDGE('',*,*,#598,.T.);
#516=ORIENTED_EDGE('',*,*,#781,.F.);
#517=ORIENTED_EDGE('',*,*,#782,.F.);
#518=ORIENTED_EDGE('',*,*,#783,.T.);
#519=ORIENTED_EDGE('',*,*,#597,.T.);
#520=ORIENTED_EDGE('',*,*,#784,.F.);
#521=ORIENTED_EDGE('',*,*,#785,.F.);
#522=ORIENTED_EDGE('',*,*,#781,.T.);
#523=ORIENTED_EDGE('',*,*,#602,.T.);
#524=ORIENTED_EDGE('',*,*,#786,.F.);
#525=ORIENTED_EDGE('',*,*,#787,.F.);
#526=ORIENTED_EDGE('',*,*,#784,.T.);
#527=ORIENTED_EDGE('',*,*,#601,.T.);
#528=ORIENTED_EDGE('',*,*,#788,.F.);
#529=ORIENTED_EDGE('',*,*,#789,.F.);
#530=ORIENTED_EDGE('',*,*,#786,.T.);
#531=ORIENTED_EDGE('',*,*,#600,.T.);
#532=ORIENTED_EDGE('',*,*,#790,.F.);
#533=ORIENTED_EDGE('',*,*,#791,.F.);
#534=ORIENTED_EDGE('',*,*,#788,.T.);
#535=ORIENTED_EDGE('',*,*,#599,.T.);
#536=ORIENTED_EDGE('',*,*,#783,.F.);
#537=ORIENTED_EDGE('',*,*,#792,.F.);
#538=ORIENTED_EDGE('',*,*,#790,.T.);
#539=ORIENTED_EDGE('',*,*,#648,.F.);
#540=ORIENTED_EDGE('',*,*,#782,.T.);
#541=ORIENTED_EDGE('',*,*,#785,.T.);
#542=ORIENTED_EDGE('',*,*,#787,.T.);
#543=ORIENTED_EDGE('',*,*,#789,.T.);
#544=ORIENTED_EDGE('',*,*,#791,.T.);
#545=ORIENTED_EDGE('',*,*,#792,.T.);
#546=ORIENTED_EDGE('',*,*,#639,.F.);
#547=ORIENTED_EDGE('',*,*,#793,.F.);
#548=ORIENTED_EDGE('',*,*,#794,.T.);
#549=ORIENTED_EDGE('',*,*,#795,.T.);
#550=ORIENTED_EDGE('',*,*,#644,.F.);
#551=ORIENTED_EDGE('',*,*,#796,.F.);
#552=ORIENTED_EDGE('',*,*,#797,.T.);
#553=ORIENTED_EDGE('',*,*,#793,.T.);
#554=ORIENTED_EDGE('',*,*,#643,.F.);
#555=ORIENTED_EDGE('',*,*,#798,.F.);
#556=ORIENTED_EDGE('',*,*,#799,.T.);
#557=ORIENTED_EDGE('',*,*,#796,.T.);
#558=ORIENTED_EDGE('',*,*,#642,.F.);
#559=ORIENTED_EDGE('',*,*,#800,.F.);
#560=ORIENTED_EDGE('',*,*,#801,.T.);
#561=ORIENTED_EDGE('',*,*,#798,.T.);
#562=ORIENTED_EDGE('',*,*,#641,.F.);
#563=ORIENTED_EDGE('',*,*,#802,.F.);
#564=ORIENTED_EDGE('',*,*,#803,.T.);
#565=ORIENTED_EDGE('',*,*,#800,.T.);
#566=ORIENTED_EDGE('',*,*,#640,.F.);
#567=ORIENTED_EDGE('',*,*,#795,.F.);
#568=ORIENTED_EDGE('',*,*,#804,.T.);
#569=ORIENTED_EDGE('',*,*,#802,.T.);
#570=ORIENTED_EDGE('',*,*,#794,.F.);
#571=ORIENTED_EDGE('',*,*,#797,.F.);
#572=ORIENTED_EDGE('',*,*,#799,.F.);
#573=ORIENTED_EDGE('',*,*,#801,.F.);
#574=ORIENTED_EDGE('',*,*,#803,.F.);
#575=ORIENTED_EDGE('',*,*,#804,.F.);
#576=ORIENTED_EDGE('',*,*,#646,.F.);
#577=ORIENTED_EDGE('',*,*,#699,.F.);
#578=ORIENTED_EDGE('',*,*,#685,.F.);
#579=ORIENTED_EDGE('',*,*,#702,.F.);
#580=ORIENTED_EDGE('',*,*,#689,.F.);
#581=ORIENTED_EDGE('',*,*,#701,.F.);
#582=ORIENTED_EDGE('',*,*,#678,.F.);
#583=ORIENTED_EDGE('',*,*,#703,.F.);
#584=ORIENTED_EDGE('',*,*,#687,.F.);
#585=EDGE_CURVE('',#805,#806,#965,.T.);
#586=EDGE_CURVE('',#806,#807,#966,.T.);
#587=EDGE_CURVE('',#807,#808,#967,.T.);
#588=EDGE_CURVE('',#808,#809,#968,.T.);
#589=EDGE_CURVE('',#809,#810,#969,.T.);
#590=EDGE_CURVE('',#810,#805,#970,.T.);
#591=EDGE_CURVE('',#811,#812,#971,.T.);
#592=EDGE_CURVE('',#813,#811,#972,.T.);
#593=EDGE_CURVE('',#814,#813,#973,.T.);
#594=EDGE_CURVE('',#815,#814,#974,.T.);
#595=EDGE_CURVE('',#816,#815,#975,.T.);
#596=EDGE_CURVE('',#812,#816,#976,.T.);
#597=EDGE_CURVE('',#817,#818,#977,.T.);
#598=EDGE_CURVE('',#819,#817,#978,.T.);
#599=EDGE_CURVE('',#820,#819,#979,.T.);
#600=EDGE_CURVE('',#821,#820,#980,.T.);
#601=EDGE_CURVE('',#822,#821,#981,.T.);
#602=EDGE_CURVE('',#818,#822,#982,.T.);
#603=EDGE_CURVE('',#823,#824,#983,.T.);
#604=EDGE_CURVE('',#823,#825,#984,.T.);
#605=EDGE_CURVE('',#825,#826,#985,.T.);
#606=EDGE_CURVE('',#826,#827,#55,.T.);
#607=EDGE_CURVE('',#828,#827,#56,.T.);
#608=EDGE_CURVE('',#828,#829,#57,.T.);
#609=EDGE_CURVE('',#829,#830,#986,.T.);
#610=EDGE_CURVE('',#830,#831,#58,.F.);
#611=EDGE_CURVE('',#831,#832,#987,.T.);
#612=EDGE_CURVE('',#832,#833,#59,.F.);
#613=EDGE_CURVE('',#834,#833,#988,.T.);
#614=EDGE_CURVE('',#834,#835,#60,.T.);
#615=EDGE_CURVE('',#836,#835,#61,.T.);
#616=EDGE_CURVE('',#836,#837,#62,.T.);
#617=EDGE_CURVE('',#838,#837,#989,.T.);
#618=EDGE_CURVE('',#838,#839,#63,.F.);
#619=EDGE_CURVE('',#840,#839,#990,.T.);
#620=EDGE_CURVE('',#840,#841,#64,.F.);
#621=EDGE_CURVE('',#841,#842,#991,.T.);
#622=EDGE_CURVE('',#842,#843,#65,.T.);
#623=EDGE_CURVE('',#844,#843,#66,.T.);
#624=EDGE_CURVE('',#844,#824,#67,.T.);
#625=EDGE_CURVE('',#845,#845,#68,.T.);
#626=EDGE_CURVE('',#846,#846,#69,.T.);
#627=EDGE_CURVE('',#847,#847,#70,.T.);
#628=EDGE_CURVE('',#848,#848,#71,.T.);
#629=EDGE_CURVE('',#849,#849,#72,.T.);
#630=EDGE_CURVE('',#850,#850,#73,.T.);
#631=EDGE_CURVE('',#851,#852,#74,.T.);
#632=EDGE_CURVE('',#852,#853,#75,.T.);
#633=EDGE_CURVE('',#853,#854,#76,.T.);
#634=EDGE_CURVE('',#854,#855,#77,.T.);
#635=EDGE_CURVE('',#855,#856,#78,.T.);
#636=EDGE_CURVE('',#856,#857,#79,.T.);
#637=EDGE_CURVE('',#857,#858,#80,.T.);
#638=EDGE_CURVE('',#858,#851,#81,.T.);
#639=EDGE_CURVE('',#859,#860,#992,.T.);
#640=EDGE_CURVE('',#860,#861,#993,.T.);
#641=EDGE_CURVE('',#861,#862,#994,.T.);
#642=EDGE_CURVE('',#862,#863,#995,.T.);
#643=EDGE_CURVE('',#863,#864,#996,.T.);
#644=EDGE_CURVE('',#864,#859,#997,.T.);
#645=EDGE_CURVE('',#865,#865,#82,.T.);
#646=EDGE_CURVE('',#866,#866,#83,.F.);
#647=EDGE_CURVE('',#867,#867,#84,.T.);
#648=EDGE_CURVE('',#868,#868,#85,.F.);
#649=EDGE_CURVE('',#869,#869,#86,.T.);
#650=EDGE_CURVE('',#870,#870,#87,.F.);
#651=EDGE_CURVE('',#871,#871,#88,.T.);
#652=EDGE_CURVE('',#872,#872,#89,.F.);
#653=EDGE_CURVE('',#873,#874,#90,.T.);
#654=EDGE_CURVE('',#873,#828,#998,.T.);
#655=EDGE_CURVE('',#874,#827,#999,.T.);
#656=EDGE_CURVE('',#835,#875,#1000,.F.);
#657=EDGE_CURVE('',#876,#875,#91,.T.);
#658=EDGE_CURVE('',#876,#836,#1001,.T.);
#659=EDGE_CURVE('',#877,#877,#92,.T.);
#660=EDGE_CURVE('',#878,#878,#93,.T.);
#661=EDGE_CURVE('',#879,#879,#94,.T.);
#662=EDGE_CURVE('',#880,#880,#95,.T.);
#663=EDGE_CURVE('',#881,#881,#96,.T.);
#664=EDGE_CURVE('',#882,#882,#97,.T.);
#665=EDGE_CURVE('',#883,#851,#1002,.T.);
#666=EDGE_CURVE('',#883,#884,#98,.T.);
#667=EDGE_CURVE('',#884,#852,#1003,.T.);
#668=EDGE_CURVE('',#885,#857,#1004,.T.);
#669=EDGE_CURVE('',#885,#886,#99,.T.);
#670=EDGE_CURVE('',#886,#858,#1005,.T.);
#671=EDGE_CURVE('',#887,#855,#1006,.T.);
#672=EDGE_CURVE('',#887,#888,#100,.T.);
#673=EDGE_CURVE('',#888,#856,#1007,.T.);
#674=EDGE_CURVE('',#889,#853,#1008,.T.);
#675=EDGE_CURVE('',#889,#890,#101,.T.);
#676=EDGE_CURVE('',#890,#854,#1009,.T.);
#677=EDGE_CURVE('',#891,#892,#1010,.T.);
#678=EDGE_CURVE('',#891,#893,#1011,.F.);
#679=EDGE_CURVE('',#893,#894,#1012,.T.);
#680=EDGE_CURVE('',#894,#895,#102,.F.);
#681=EDGE_CURVE('',#895,#896,#1013,.T.);
#682=EDGE_CURVE('',#896,#826,#1014,.T.);
#683=EDGE_CURVE('',#825,#892,#103,.T.);
#684=EDGE_CURVE('',#897,#898,#1015,.T.);
#685=EDGE_CURVE('',#897,#899,#1016,.F.);
#686=EDGE_CURVE('',#899,#900,#1017,.T.);
#687=EDGE_CURVE('',#900,#898,#1018,.T.);
#688=EDGE_CURVE('',#901,#902,#1019,.T.);
#689=EDGE_CURVE('',#901,#903,#1020,.T.);
#690=EDGE_CURVE('',#903,#904,#1021,.T.);
#691=EDGE_CURVE('',#904,#823,#104,.F.);
#692=EDGE_CURVE('',#905,#824,#1022,.T.);
#693=EDGE_CURVE('',#906,#905,#1023,.T.);
#694=EDGE_CURVE('',#906,#902,#105,.T.);
#695=EDGE_CURVE('',#907,#907,#106,.T.);
#696=EDGE_CURVE('',#908,#908,#107,.T.);
#697=EDGE_CURVE('',#909,#909,#108,.T.);
#698=EDGE_CURVE('',#910,#910,#109,.T.);
#699=EDGE_CURVE('',#899,#901,#110,.T.);
#700=EDGE_CURVE('',#902,#894,#1024,.F.);
#701=EDGE_CURVE('',#893,#900,#111,.T.);
#702=EDGE_CURVE('',#903,#897,#112,.F.);
#703=EDGE_CURVE('',#898,#891,#113,.F.);
#704=EDGE_CURVE('',#892,#904,#1025,.F.);
#705=EDGE_CURVE('',#883,#886,#114,.T.);
#706=EDGE_CURVE('',#911,#911,#115,.T.);
#707=EDGE_CURVE('',#885,#888,#116,.T.);
#708=EDGE_CURVE('',#912,#912,#117,.T.);
#709=EDGE_CURVE('',#887,#890,#118,.T.);
#710=EDGE_CURVE('',#913,#913,#119,.T.);
#711=EDGE_CURVE('',#914,#844,#1026,.T.);
#712=EDGE_CURVE('',#914,#905,#120,.T.);
#713=EDGE_CURVE('',#843,#915,#1027,.F.);
#714=EDGE_CURVE('',#914,#915,#121,.T.);
#715=EDGE_CURVE('',#896,#874,#122,.T.);
#716=EDGE_CURVE('',#889,#884,#123,.T.);
#717=EDGE_CURVE('',#916,#916,#124,.T.);
#718=EDGE_CURVE('',#917,#917,#125,.T.);
#719=EDGE_CURVE('',#918,#918,#126,.T.);
#720=EDGE_CURVE('',#919,#919,#127,.T.);
#721=EDGE_CURVE('',#920,#920,#128,.T.);
#722=EDGE_CURVE('',#921,#921,#129,.T.);
#723=EDGE_CURVE('',#922,#922,#130,.T.);
#724=EDGE_CURVE('',#895,#906,#1028,.T.);
#725=EDGE_CURVE('',#915,#923,#131,.F.);
#726=EDGE_CURVE('',#923,#924,#1029,.T.);
#727=EDGE_CURVE('',#924,#925,#132,.T.);
#728=EDGE_CURVE('',#926,#925,#1030,.T.);
#729=EDGE_CURVE('',#926,#927,#133,.T.);
#730=EDGE_CURVE('',#928,#927,#1031,.T.);
#731=EDGE_CURVE('',#928,#876,#134,.F.);
#732=EDGE_CURVE('',#875,#929,#135,.F.);
#733=EDGE_CURVE('',#930,#929,#1032,.T.);
#734=EDGE_CURVE('',#930,#931,#136,.T.);
#735=EDGE_CURVE('',#931,#932,#1033,.T.);
#736=EDGE_CURVE('',#932,#933,#137,.T.);
#737=EDGE_CURVE('',#933,#934,#1034,.T.);
#738=EDGE_CURVE('',#934,#873,#138,.F.);
#739=EDGE_CURVE('',#935,#935,#139,.T.);
#740=EDGE_CURVE('',#936,#936,#140,.T.);
#741=EDGE_CURVE('',#937,#937,#141,.T.);
#742=EDGE_CURVE('',#938,#938,#142,.T.);
#743=EDGE_CURVE('',#939,#939,#143,.T.);
#744=EDGE_CURVE('',#940,#940,#144,.T.);
#745=EDGE_CURVE('',#839,#926,#1035,.T.);
#746=EDGE_CURVE('',#925,#840,#1036,.F.);
#747=EDGE_CURVE('',#923,#842,#1037,.T.);
#748=EDGE_CURVE('',#841,#924,#1038,.T.);
#749=EDGE_CURVE('',#837,#928,#1039,.T.);
#750=EDGE_CURVE('',#927,#838,#1040,.F.);
#751=EDGE_CURVE('',#829,#934,#1041,.F.);
#752=EDGE_CURVE('',#933,#830,#1042,.F.);
#753=EDGE_CURVE('',#929,#834,#1043,.F.);
#754=EDGE_CURVE('',#833,#930,#1044,.T.);
#755=EDGE_CURVE('',#931,#832,#1045,.F.);
#756=EDGE_CURVE('',#831,#932,#1046,.T.);
#757=EDGE_CURVE('',#941,#805,#1047,.T.);
#758=EDGE_CURVE('',#941,#942,#1048,.T.);
#759=EDGE_CURVE('',#942,#806,#1049,.T.);
#760=EDGE_CURVE('',#943,#810,#1050,.T.);
#761=EDGE_CURVE('',#943,#941,#1051,.T.);
#762=EDGE_CURVE('',#944,#809,#1052,.T.);
#763=EDGE_CURVE('',#944,#943,#1053,.T.);
#764=EDGE_CURVE('',#945,#808,#1054,.T.);
#765=EDGE_CURVE('',#945,#944,#1055,.T.);
#766=EDGE_CURVE('',#946,#807,#1056,.T.);
#767=EDGE_CURVE('',#946,#945,#1057,.T.);
#768=EDGE_CURVE('',#942,#946,#1058,.T.);
#769=EDGE_CURVE('',#947,#811,#1059,.T.);
#770=EDGE_CURVE('',#948,#947,#1060,.T.);
#771=EDGE_CURVE('',#948,#813,#1061,.T.);
#772=EDGE_CURVE('',#949,#812,#1062,.T.);
#773=EDGE_CURVE('',#947,#949,#1063,.T.);
#774=EDGE_CURVE('',#950,#816,#1064,.T.);
#775=EDGE_CURVE('',#949,#950,#1065,.T.);
#776=EDGE_CURVE('',#951,#815,#1066,.T.);
#777=EDGE_CURVE('',#950,#951,#1067,.T.);
#778=EDGE_CURVE('',#952,#814,#1068,.T.);
#779=EDGE_CURVE('',#951,#952,#1069,.T.);
#780=EDGE_CURVE('',#952,#948,#1070,.T.);
#781=EDGE_CURVE('',#953,#817,#1071,.T.);
#782=EDGE_CURVE('',#954,#953,#1072,.T.);
#783=EDGE_CURVE('',#954,#819,#1073,.T.);
#784=EDGE_CURVE('',#955,#818,#1074,.T.);
#785=EDGE_CURVE('',#953,#955,#1075,.T.);
#786=EDGE_CURVE('',#956,#822,#1076,.T.);
#787=EDGE_CURVE('',#955,#956,#1077,.T.);
#788=EDGE_CURVE('',#957,#821,#1078,.T.);
#789=EDGE_CURVE('',#956,#957,#1079,.T.);
#790=EDGE_CURVE('',#958,#820,#1080,.T.);
#791=EDGE_CURVE('',#957,#958,#1081,.T.);
#792=EDGE_CURVE('',#958,#954,#1082,.T.);
#793=EDGE_CURVE('',#959,#859,#1083,.T.);
#794=EDGE_CURVE('',#959,#960,#1084,.T.);
#795=EDGE_CURVE('',#960,#860,#1085,.T.);
#796=EDGE_CURVE('',#961,#864,#1086,.T.);
#797=EDGE_CURVE('',#961,#959,#1087,.T.);
#798=EDGE_CURVE('',#962,#863,#1088,.T.);
#799=EDGE_CURVE('',#962,#961,#1089,.T.);
#800=EDGE_CURVE('',#963,#862,#1090,.T.);
#801=EDGE_CURVE('',#963,#962,#1091,.T.);
#802=EDGE_CURVE('',#964,#861,#1092,.T.);
#803=EDGE_CURVE('',#964,#963,#1093,.T.);
#804=EDGE_CURVE('',#960,#964,#1094,.T.);
#805=VERTEX_POINT('',#2359);
#806=VERTEX_POINT('',#2360);
#807=VERTEX_POINT('',#2362);
#808=VERTEX_POINT('',#2364);
#809=VERTEX_POINT('',#2366);
#810=VERTEX_POINT('',#2368);
#811=VERTEX_POINT('',#2371);
#812=VERTEX_POINT('',#2372);
#813=VERTEX_POINT('',#2374);
#814=VERTEX_POINT('',#2376);
#815=VERTEX_POINT('',#2378);
#816=VERTEX_POINT('',#2380);
#817=VERTEX_POINT('',#2383);
#818=VERTEX_POINT('',#2384);
#819=VERTEX_POINT('',#2386);
#820=VERTEX_POINT('',#2388);
#821=VERTEX_POINT('',#2390);
#822=VERTEX_POINT('',#2392);
#823=VERTEX_POINT('',#2395);
#824=VERTEX_POINT('',#2396);
#825=VERTEX_POINT('',#2398);
#826=VERTEX_POINT('',#2400);
#827=VERTEX_POINT('',#2402);
#828=VERTEX_POINT('',#2404);
#829=VERTEX_POINT('',#2406);
#830=VERTEX_POINT('',#2408);
#831=VERTEX_POINT('',#2410);
#832=VERTEX_POINT('',#2412);
#833=VERTEX_POINT('',#2414);
#834=VERTEX_POINT('',#2416);
#835=VERTEX_POINT('',#2418);
#836=VERTEX_POINT('',#2420);
#837=VERTEX_POINT('',#2422);
#838=VERTEX_POINT('',#2424);
#839=VERTEX_POINT('',#2426);
#840=VERTEX_POINT('',#2428);
#841=VERTEX_POINT('',#2430);
#842=VERTEX_POINT('',#2432);
#843=VERTEX_POINT('',#2434);
#844=VERTEX_POINT('',#2436);
#845=VERTEX_POINT('',#2439);
#846=VERTEX_POINT('',#2441);
#847=VERTEX_POINT('',#2443);
#848=VERTEX_POINT('',#2445);
#849=VERTEX_POINT('',#2447);
#850=VERTEX_POINT('',#2449);
#851=VERTEX_POINT('',#2451);
#852=VERTEX_POINT('',#2452);
#853=VERTEX_POINT('',#2454);
#854=VERTEX_POINT('',#2456);
#855=VERTEX_POINT('',#2458);
#856=VERTEX_POINT('',#2460);
#857=VERTEX_POINT('',#2462);
#858=VERTEX_POINT('',#2464);
#859=VERTEX_POINT('',#2467);
#860=VERTEX_POINT('',#2468);
#861=VERTEX_POINT('',#2470);
#862=VERTEX_POINT('',#2472);
#863=VERTEX_POINT('',#2474);
#864=VERTEX_POINT('',#2476);
#865=VERTEX_POINT('',#2480);
#866=VERTEX_POINT('',#2482);
#867=VERTEX_POINT('',#2485);
#868=VERTEX_POINT('',#2487);
#869=VERTEX_POINT('',#2490);
#870=VERTEX_POINT('',#2492);
#871=VERTEX_POINT('',#2495);
#872=VERTEX_POINT('',#2497);
#873=VERTEX_POINT('',#2500);
#874=VERTEX_POINT('',#2501);
#875=VERTEX_POINT('',#2506);
#876=VERTEX_POINT('',#2508);
#877=VERTEX_POINT('',#2512);
#878=VERTEX_POINT('',#2515);
#879=VERTEX_POINT('',#2518);
#880=VERTEX_POINT('',#2521);
#881=VERTEX_POINT('',#2524);
#882=VERTEX_POINT('',#2527);
#883=VERTEX_POINT('',#2530);
#884=VERTEX_POINT('',#2532);
#885=VERTEX_POINT('',#2536);
#886=VERTEX_POINT('',#2538);
#887=VERTEX_POINT('',#2542);
#888=VERTEX_POINT('',#2544);
#889=VERTEX_POINT('',#2548);
#890=VERTEX_POINT('',#2550);
#891=VERTEX_POINT('',#2554);
#892=VERTEX_POINT('',#2555);
#893=VERTEX_POINT('',#2557);
#894=VERTEX_POINT('',#2559);
#895=VERTEX_POINT('',#2561);
#896=VERTEX_POINT('',#2563);
#897=VERTEX_POINT('',#2568);
#898=VERTEX_POINT('',#2569);
#899=VERTEX_POINT('',#2571);
#900=VERTEX_POINT('',#2573);
#901=VERTEX_POINT('',#2577);
#902=VERTEX_POINT('',#2578);
#903=VERTEX_POINT('',#2580);
#904=VERTEX_POINT('',#2582);
#905=VERTEX_POINT('',#2585);
#906=VERTEX_POINT('',#2587);
#907=VERTEX_POINT('',#2591);
#908=VERTEX_POINT('',#2593);
#909=VERTEX_POINT('',#2596);
#910=VERTEX_POINT('',#2598);
#911=VERTEX_POINT('',#2610);
#912=VERTEX_POINT('',#2614);
#913=VERTEX_POINT('',#2618);
#914=VERTEX_POINT('',#2621);
#915=VERTEX_POINT('',#2625);
#916=VERTEX_POINT('',#2632);
#917=VERTEX_POINT('',#2635);
#918=VERTEX_POINT('',#2637);
#919=VERTEX_POINT('',#2639);
#920=VERTEX_POINT('',#2641);
#921=VERTEX_POINT('',#2643);
#922=VERTEX_POINT('',#2645);
#923=VERTEX_POINT('',#2648);
#924=VERTEX_POINT('',#2650);
#925=VERTEX_POINT('',#2652);
#926=VERTEX_POINT('',#2654);
#927=VERTEX_POINT('',#2656);
#928=VERTEX_POINT('',#2658);
#929=VERTEX_POINT('',#2661);
#930=VERTEX_POINT('',#2663);
#931=VERTEX_POINT('',#2665);
#932=VERTEX_POINT('',#2667);
#933=VERTEX_POINT('',#2669);
#934=VERTEX_POINT('',#2671);
#935=VERTEX_POINT('',#2676);
#936=VERTEX_POINT('',#2680);
#937=VERTEX_POINT('',#2684);
#938=VERTEX_POINT('',#2688);
#939=VERTEX_POINT('',#2692);
#940=VERTEX_POINT('',#2696);
#941=VERTEX_POINT('',#2728);
#942=VERTEX_POINT('',#2730);
#943=VERTEX_POINT('',#2734);
#944=VERTEX_POINT('',#2738);
#945=VERTEX_POINT('',#2742);
#946=VERTEX_POINT('',#2746);
#947=VERTEX_POINT('',#2753);
#948=VERTEX_POINT('',#2755);
#949=VERTEX_POINT('',#2759);
#950=VERTEX_POINT('',#2763);
#951=VERTEX_POINT('',#2767);
#952=VERTEX_POINT('',#2771);
#953=VERTEX_POINT('',#2778);
#954=VERTEX_POINT('',#2780);
#955=VERTEX_POINT('',#2784);
#956=VERTEX_POINT('',#2788);
#957=VERTEX_POINT('',#2792);
#958=VERTEX_POINT('',#2796);
#959=VERTEX_POINT('',#2803);
#960=VERTEX_POINT('',#2805);
#961=VERTEX_POINT('',#2809);
#962=VERTEX_POINT('',#2813);
#963=VERTEX_POINT('',#2817);
#964=VERTEX_POINT('',#2821);
#965=LINE('',#2358,#1095);
#966=LINE('',#2361,#1096);
#967=LINE('',#2363,#1097);
#968=LINE('',#2365,#1098);
#969=LINE('',#2367,#1099);
#970=LINE('',#2369,#1100);
#971=LINE('',#2370,#1101);
#972=LINE('',#2373,#1102);
#973=LINE('',#2375,#1103);
#974=LINE('',#2377,#1104);
#975=LINE('',#2379,#1105);
#976=LINE('',#2381,#1106);
#977=LINE('',#2382,#1107);
#978=LINE('',#2385,#1108);
#979=LINE('',#2387,#1109);
#980=LINE('',#2389,#1110);
#981=LINE('',#2391,#1111);
#982=LINE('',#2393,#1112);
#983=LINE('',#2394,#1113);
#984=LINE('',#2397,#1114);
#985=LINE('',#2399,#1115);
#986=LINE('',#2407,#1116);
#987=LINE('',#2411,#1117);
#988=LINE('',#2415,#1118);
#989=LINE('',#2423,#1119);
#990=LINE('',#2427,#1120);
#991=LINE('',#2431,#1121);
#992=LINE('',#2466,#1122);
#993=LINE('',#2469,#1123);
#994=LINE('',#2471,#1124);
#995=LINE('',#2473,#1125);
#996=LINE('',#2475,#1126);
#997=LINE('',#2477,#1127);
#998=LINE('',#2502,#1128);
#999=LINE('',#2503,#1129);
#1000=LINE('',#2505,#1130);
#1001=LINE('',#2509,#1131);
#1002=LINE('',#2529,#1132);
#1003=LINE('',#2533,#1133);
#1004=LINE('',#2535,#1134);
#1005=LINE('',#2539,#1135);
#1006=LINE('',#2541,#1136);
#1007=LINE('',#2545,#1137);
#1008=LINE('',#2547,#1138);
#1009=LINE('',#2551,#1139);
#1010=LINE('',#2553,#1140);
#1011=LINE('',#2556,#1141);
#1012=LINE('',#2558,#1142);
#1013=LINE('',#2562,#1143);
#1014=LINE('',#2564,#1144);
#1015=LINE('',#2567,#1145);
#1016=LINE('',#2570,#1146);
#1017=LINE('',#2572,#1147);
#1018=LINE('',#2574,#1148);
#1019=LINE('',#2576,#1149);
#1020=LINE('',#2579,#1150);
#1021=LINE('',#2581,#1151);
#1022=LINE('',#2584,#1152);
#1023=LINE('',#2586,#1153);
#1024=LINE('',#2601,#1154);
#1025=LINE('',#2606,#1155);
#1026=LINE('',#2620,#1156);
#1027=LINE('',#2624,#1157);
#1028=LINE('',#2646,#1158);
#1029=LINE('',#2649,#1159);
#1030=LINE('',#2653,#1160);
#1031=LINE('',#2657,#1161);
#1032=LINE('',#2662,#1162);
#1033=LINE('',#2666,#1163);
#1034=LINE('',#2670,#1164);
#1035=LINE('',#2699,#1165);
#1036=LINE('',#2700,#1166);
#1037=LINE('',#2702,#1167);
#1038=LINE('',#2703,#1168);
#1039=LINE('',#2705,#1169);
#1040=LINE('',#2706,#1170);
#1041=LINE('',#2708,#1171);
#1042=LINE('',#2709,#1172);
#1043=LINE('',#2711,#1173);
#1044=LINE('',#2712,#1174);
#1045=LINE('',#2714,#1175);
#1046=LINE('',#2715,#1176);
#1047=LINE('',#2727,#1177);
#1048=LINE('',#2729,#1178);
#1049=LINE('',#2731,#1179);
#1050=LINE('',#2733,#1180);
#1051=LINE('',#2735,#1181);
#1052=LINE('',#2737,#1182);
#1053=LINE('',#2739,#1183);
#1054=LINE('',#2741,#1184);
#1055=LINE('',#2743,#1185);
#1056=LINE('',#2745,#1186);
#1057=LINE('',#2747,#1187);
#1058=LINE('',#2749,#1188);
#1059=LINE('',#2752,#1189);
#1060=LINE('',#2754,#1190);
#1061=LINE('',#2756,#1191);
#1062=LINE('',#2758,#1192);
#1063=LINE('',#2760,#1193);
#1064=LINE('',#2762,#1194);
#1065=LINE('',#2764,#1195);
#1066=LINE('',#2766,#1196);
#1067=LINE('',#2768,#1197);
#1068=LINE('',#2770,#1198);
#1069=LINE('',#2772,#1199);
#1070=LINE('',#2774,#1200);
#1071=LINE('',#2777,#1201);
#1072=LINE('',#2779,#1202);
#1073=LINE('',#2781,#1203);
#1074=LINE('',#2783,#1204);
#1075=LINE('',#2785,#1205);
#1076=LINE('',#2787,#1206);
#1077=LINE('',#2789,#1207);
#1078=LINE('',#2791,#1208);
#1079=LINE('',#2793,#1209);
#1080=LINE('',#2795,#1210);
#1081=LINE('',#2797,#1211);
#1082=LINE('',#2799,#1212);
#1083=LINE('',#2802,#1213);
#1084=LINE('',#2804,#1214);
#1085=LINE('',#2806,#1215);
#1086=LINE('',#2808,#1216);
#1087=LINE('',#2810,#1217);
#1088=LINE('',#2812,#1218);
#1089=LINE('',#2814,#1219);
#1090=LINE('',#2816,#1220);
#1091=LINE('',#2818,#1221);
#1092=LINE('',#2820,#1222);
#1093=LINE('',#2822,#1223);
#1094=LINE('',#2824,#1224);
#1095=VECTOR('',#1866,1.);
#1096=VECTOR('',#1867,1.);
#1097=VECTOR('',#1868,1.);
#1098=VECTOR('',#1869,1.);
#1099=VECTOR('',#1870,1.);
#1100=VECTOR('',#1871,1.);
#1101=VECTOR('',#1872,1.);
#1102=VECTOR('',#1873,1.);
#1103=VECTOR('',#1874,1.);
#1104=VECTOR('',#1875,1.);
#1105=VECTOR('',#1876,1.);
#1106=VECTOR('',#1877,1.);
#1107=VECTOR('',#1878,1.);
#1108=VECTOR('',#1879,1.);
#1109=VECTOR('',#1880,1.);
#1110=VECTOR('',#1881,1.);
#1111=VECTOR('',#1882,1.);
#1112=VECTOR('',#1883,1.);
#1113=VECTOR('',#1884,1.);
#1114=VECTOR('',#1885,1.);
#1115=VECTOR('',#1886,1.);
#1116=VECTOR('',#1893,1.);
#1117=VECTOR('',#1896,1.);
#1118=VECTOR('',#1899,1.);
#1119=VECTOR('',#1906,1.);
#1120=VECTOR('',#1909,1.);
#1121=VECTOR('',#1912,1.);
#1122=VECTOR('',#1947,1.);
#1123=VECTOR('',#1948,1.);
#1124=VECTOR('',#1949,1.);
#1125=VECTOR('',#1950,1.);
#1126=VECTOR('',#1951,1.);
#1127=VECTOR('',#1952,1.);
#1128=VECTOR('',#1981,1.);
#1129=VECTOR('',#1982,1.);
#1130=VECTOR('',#1985,1.);
#1131=VECTOR('',#1988,1.);
#1132=VECTOR('',#2015,1.);
#1133=VECTOR('',#2018,1.);
#1134=VECTOR('',#2021,1.);
#1135=VECTOR('',#2024,1.);
#1136=VECTOR('',#2027,1.);
#1137=VECTOR('',#2030,1.);
#1138=VECTOR('',#2033,1.);
#1139=VECTOR('',#2036,1.);
#1140=VECTOR('',#2039,1.);
#1141=VECTOR('',#2040,1.);
#1142=VECTOR('',#2041,1.);
#1143=VECTOR('',#2044,1.);
#1144=VECTOR('',#2045,1.);
#1145=VECTOR('',#2050,1.);
#1146=VECTOR('',#2051,1.);
#1147=VECTOR('',#2052,1.);
#1148=VECTOR('',#2053,1.);
#1149=VECTOR('',#2056,1.);
#1150=VECTOR('',#2057,1.);
#1151=VECTOR('',#2058,1.);
#1152=VECTOR('',#2061,1.);
#1153=VECTOR('',#2062,1.);
#1154=VECTOR('',#2081,1.);
#1155=VECTOR('',#2090,1.);
#1156=VECTOR('',#2111,1.);
#1157=VECTOR('',#2116,1.);
#1158=VECTOR('',#2143,1.);
#1159=VECTOR('',#2146,1.);
#1160=VECTOR('',#2149,1.);
#1161=VECTOR('',#2152,1.);
#1162=VECTOR('',#2157,1.);
#1163=VECTOR('',#2160,1.);
#1164=VECTOR('',#2163,1.);
#1165=VECTOR('',#2206,1.);
#1166=VECTOR('',#2207,1.);
#1167=VECTOR('',#2210,1.);
#1168=VECTOR('',#2211,1.);
#1169=VECTOR('',#2214,1.);
#1170=VECTOR('',#2215,1.);
#1171=VECTOR('',#2218,1.);
#1172=VECTOR('',#2219,1.);
#1173=VECTOR('',#2222,1.);
#1174=VECTOR('',#2223,1.);
#1175=VECTOR('',#2226,1.);
#1176=VECTOR('',#2227,1.);
#1177=VECTOR('',#2250,1.);
#1178=VECTOR('',#2251,1.);
#1179=VECTOR('',#2252,1.);
#1180=VECTOR('',#2255,1.);
#1181=VECTOR('',#2256,1.);
#1182=VECTOR('',#2259,1.);
#1183=VECTOR('',#2260,1.);
#1184=VECTOR('',#2263,1.);
#1185=VECTOR('',#2264,1.);
#1186=VECTOR('',#2267,1.);
#1187=VECTOR('',#2268,1.);
#1188=VECTOR('',#2271,1.);
#1189=VECTOR('',#2276,1.);
#1190=VECTOR('',#2277,1.);
#1191=VECTOR('',#2278,1.);
#1192=VECTOR('',#2281,1.);
#1193=VECTOR('',#2282,1.);
#1194=VECTOR('',#2285,1.);
#1195=VECTOR('',#2286,1.);
#1196=VECTOR('',#2289,1.);
#1197=VECTOR('',#2290,1.);
#1198=VECTOR('',#2293,1.);
#1199=VECTOR('',#2294,1.);
#1200=VECTOR('',#2297,1.);
#1201=VECTOR('',#2302,1.);
#1202=VECTOR('',#2303,1.);
#1203=VECTOR('',#2304,1.);
#1204=VECTOR('',#2307,1.);
#1205=VECTOR('',#2308,1.);
#1206=VECTOR('',#2311,1.);
#1207=VECTOR('',#2312,1.);
#1208=VECTOR('',#2315,1.);
#1209=VECTOR('',#2316,1.);
#1210=VECTOR('',#2319,1.);
#1211=VECTOR('',#2320,1.);
#1212=VECTOR('',#2323,1.);
#1213=VECTOR('',#2328,1.);
#1214=VECTOR('',#2329,1.);
#1215=VECTOR('',#2330,1.);
#1216=VECTOR('',#2333,1.);
#1217=VECTOR('',#2334,1.);
#1218=VECTOR('',#2337,1.);
#1219=VECTOR('',#2338,1.);
#1220=VECTOR('',#2341,1.);
#1221=VECTOR('',#2342,1.);
#1222=VECTOR('',#2345,1.);
#1223=VECTOR('',#2346,1.);
#1224=VECTOR('',#2349,1.);
#1225=EDGE_LOOP('',(#145,#146,#147,#148,#149,#150));
#1226=EDGE_LOOP('',(#151,#152,#153,#154,#155,#156));
#1227=EDGE_LOOP('',(#157,#158,#159,#160,#161,#162));
#1228=EDGE_LOOP('',(#163,#164,#165,#166,#167,#168,#169,#170,#171,#172,#173,
#174,#175,#176,#177,#178,#179,#180,#181,#182,#183,#184));
#1229=EDGE_LOOP('',(#185));
#1230=EDGE_LOOP('',(#186));
#1231=EDGE_LOOP('',(#187));
#1232=EDGE_LOOP('',(#188));
#1233=EDGE_LOOP('',(#189));
#1234=EDGE_LOOP('',(#190));
#1235=EDGE_LOOP('',(#191,#192,#193,#194,#195,#196,#197,#198));
#1236=EDGE_LOOP('',(#199,#200,#201,#202,#203,#204));
#1237=EDGE_LOOP('',(#205));
#1238=EDGE_LOOP('',(#206));
#1239=EDGE_LOOP('',(#207));
#1240=EDGE_LOOP('',(#208));
#1241=EDGE_LOOP('',(#209));
#1242=EDGE_LOOP('',(#210));
#1243=EDGE_LOOP('',(#211));
#1244=EDGE_LOOP('',(#212));
#1245=EDGE_LOOP('',(#213,#214,#215,#216));
#1246=EDGE_LOOP('',(#217,#218,#219,#220));
#1247=EDGE_LOOP('',(#221));
#1248=EDGE_LOOP('',(#222));
#1249=EDGE_LOOP('',(#223));
#1250=EDGE_LOOP('',(#224));
#1251=EDGE_LOOP('',(#225));
#1252=EDGE_LOOP('',(#226));
#1253=EDGE_LOOP('',(#227));
#1254=EDGE_LOOP('',(#228));
#1255=EDGE_LOOP('',(#229));
#1256=EDGE_LOOP('',(#230));
#1257=EDGE_LOOP('',(#231));
#1258=EDGE_LOOP('',(#232));
#1259=EDGE_LOOP('',(#233,#234,#235,#236));
#1260=EDGE_LOOP('',(#237,#238,#239,#240));
#1261=EDGE_LOOP('',(#241,#242,#243,#244));
#1262=EDGE_LOOP('',(#245,#246,#247,#248));
#1263=EDGE_LOOP('',(#249,#250,#251,#252,#253,#254,#255,#256));
#1264=EDGE_LOOP('',(#257,#258,#259,#260));
#1265=EDGE_LOOP('',(#261,#262,#263,#264,#265,#266,#267,#268));
#1266=EDGE_LOOP('',(#269));
#1267=EDGE_LOOP('',(#270));
#1268=EDGE_LOOP('',(#271));
#1269=EDGE_LOOP('',(#272));
#1270=EDGE_LOOP('',(#273,#274,#275,#276,#277,#278));
#1271=EDGE_LOOP('',(#279));
#1272=EDGE_LOOP('',(#280));
#1273=EDGE_LOOP('',(#281,#282,#283,#284,#285,#286));
#1274=EDGE_LOOP('',(#287));
#1275=EDGE_LOOP('',(#288));
#1276=EDGE_LOOP('',(#289,#290,#291,#292));
#1277=EDGE_LOOP('',(#293));
#1278=EDGE_LOOP('',(#294,#295,#296,#297));
#1279=EDGE_LOOP('',(#298));
#1280=EDGE_LOOP('',(#299,#300,#301,#302));
#1281=EDGE_LOOP('',(#303));
#1282=EDGE_LOOP('',(#304,#305,#306,#307));
#1283=EDGE_LOOP('',(#308,#309,#310,#311));
#1284=EDGE_LOOP('',(#312,#313,#314,#315));
#1285=EDGE_LOOP('',(#316,#317,#318,#319));
#1286=EDGE_LOOP('',(#320));
#1287=EDGE_LOOP('',(#321));
#1288=EDGE_LOOP('',(#322));
#1289=EDGE_LOOP('',(#323));
#1290=EDGE_LOOP('',(#324));
#1291=EDGE_LOOP('',(#325));
#1292=EDGE_LOOP('',(#326));
#1293=EDGE_LOOP('',(#327));
#1294=EDGE_LOOP('',(#328));
#1295=EDGE_LOOP('',(#329));
#1296=EDGE_LOOP('',(#330,#331,#332,#333,#334,#335,#336,#337,#338,#339,#340,
#341,#342,#343,#344,#345,#346,#347,#348,#349,#350,#351));
#1297=EDGE_LOOP('',(#352));
#1298=EDGE_LOOP('',(#353));
#1299=EDGE_LOOP('',(#354));
#1300=EDGE_LOOP('',(#355));
#1301=EDGE_LOOP('',(#356));
#1302=EDGE_LOOP('',(#357,#358,#359,#360,#361,#362,#363,#364));
#1303=EDGE_LOOP('',(#365));
#1304=EDGE_LOOP('',(#366));
#1305=EDGE_LOOP('',(#367));
#1306=EDGE_LOOP('',(#368));
#1307=EDGE_LOOP('',(#369));
#1308=EDGE_LOOP('',(#370));
#1309=EDGE_LOOP('',(#371));
#1310=EDGE_LOOP('',(#372));
#1311=EDGE_LOOP('',(#373));
#1312=EDGE_LOOP('',(#374));
#1313=EDGE_LOOP('',(#375));
#1314=EDGE_LOOP('',(#376));
#1315=EDGE_LOOP('',(#377));
#1316=EDGE_LOOP('',(#378));
#1317=EDGE_LOOP('',(#379));
#1318=EDGE_LOOP('',(#380));
#1319=EDGE_LOOP('',(#381));
#1320=EDGE_LOOP('',(#382));
#1321=EDGE_LOOP('',(#383));
#1322=EDGE_LOOP('',(#384));
#1323=EDGE_LOOP('',(#385));
#1324=EDGE_LOOP('',(#386));
#1325=EDGE_LOOP('',(#387));
#1326=EDGE_LOOP('',(#388));
#1327=EDGE_LOOP('',(#389,#390,#391,#392));
#1328=EDGE_LOOP('',(#393,#394,#395,#396));
#1329=EDGE_LOOP('',(#397,#398,#399,#400));
#1330=EDGE_LOOP('',(#401,#402,#403,#404));
#1331=EDGE_LOOP('',(#405,#406,#407,#408));
#1332=EDGE_LOOP('',(#409,#410,#411,#412));
#1333=EDGE_LOOP('',(#413,#414,#415,#416));
#1334=EDGE_LOOP('',(#417,#418,#419,#420));
#1335=EDGE_LOOP('',(#421,#422,#423,#424));
#1336=EDGE_LOOP('',(#425,#426,#427,#428));
#1337=EDGE_LOOP('',(#429,#430,#431,#432));
#1338=EDGE_LOOP('',(#433,#434,#435,#436));
#1339=EDGE_LOOP('',(#437,#438,#439,#440));
#1340=EDGE_LOOP('',(#441,#442,#443,#444));
#1341=EDGE_LOOP('',(#445,#446,#447,#448));
#1342=EDGE_LOOP('',(#449,#450,#451,#452));
#1343=EDGE_LOOP('',(#453,#454,#455,#456));
#1344=EDGE_LOOP('',(#457,#458,#459,#460));
#1345=EDGE_LOOP('',(#461,#462,#463,#464));
#1346=EDGE_LOOP('',(#465,#466,#467,#468));
#1347=EDGE_LOOP('',(#469,#470,#471,#472));
#1348=EDGE_LOOP('',(#473,#474,#475,#476));
#1349=EDGE_LOOP('',(#477,#478,#479,#480,#481,#482));
#1350=EDGE_LOOP('',(#483));
#1351=EDGE_LOOP('',(#484,#485,#486,#487));
#1352=EDGE_LOOP('',(#488,#489,#490,#491));
#1353=EDGE_LOOP('',(#492,#493,#494,#495));
#1354=EDGE_LOOP('',(#496,#497,#498,#499));
#1355=EDGE_LOOP('',(#500,#501,#502,#503));
#1356=EDGE_LOOP('',(#504,#505,#506,#507));
#1357=EDGE_LOOP('',(#508));
#1358=EDGE_LOOP('',(#509,#510,#511,#512,#513,#514));
#1359=EDGE_LOOP('',(#515,#516,#517,#518));
#1360=EDGE_LOOP('',(#519,#520,#521,#522));
#1361=EDGE_LOOP('',(#523,#524,#525,#526));
#1362=EDGE_LOOP('',(#527,#528,#529,#530));
#1363=EDGE_LOOP('',(#531,#532,#533,#534));
#1364=EDGE_LOOP('',(#535,#536,#537,#538));
#1365=EDGE_LOOP('',(#539));
#1366=EDGE_LOOP('',(#540,#541,#542,#543,#544,#545));
#1367=EDGE_LOOP('',(#546,#547,#548,#549));
#1368=EDGE_LOOP('',(#550,#551,#552,#553));
#1369=EDGE_LOOP('',(#554,#555,#556,#557));
#1370=EDGE_LOOP('',(#558,#559,#560,#561));
#1371=EDGE_LOOP('',(#562,#563,#564,#565));
#1372=EDGE_LOOP('',(#566,#567,#568,#569));
#1373=EDGE_LOOP('',(#570,#571,#572,#573,#574,#575));
#1374=EDGE_LOOP('',(#576));
#1375=EDGE_LOOP('',(#577,#578,#579,#580));
#1376=EDGE_LOOP('',(#581,#582,#583,#584));
#1377=FACE_BOUND('',#1225,.T.);
#1378=FACE_BOUND('',#1226,.T.);
#1379=FACE_BOUND('',#1227,.T.);
#1380=FACE_BOUND('',#1228,.T.);
#1381=FACE_BOUND('',#1229,.T.);
#1382=FACE_BOUND('',#1230,.T.);
#1383=FACE_BOUND('',#1231,.T.);
#1384=FACE_BOUND('',#1232,.T.);
#1385=FACE_BOUND('',#1233,.T.);
#1386=FACE_BOUND('',#1234,.T.);
#1387=FACE_BOUND('',#1235,.T.);
#1388=FACE_BOUND('',#1236,.T.);
#1389=FACE_BOUND('',#1237,.T.);
#1390=FACE_BOUND('',#1238,.T.);
#1391=FACE_BOUND('',#1239,.T.);
#1392=FACE_BOUND('',#1240,.T.);
#1393=FACE_BOUND('',#1241,.T.);
#1394=FACE_BOUND('',#1242,.T.);
#1395=FACE_BOUND('',#1243,.T.);
#1396=FACE_BOUND('',#1244,.T.);
#1397=FACE_BOUND('',#1245,.T.);
#1398=FACE_BOUND('',#1246,.T.);
#1399=FACE_BOUND('',#1247,.T.);
#1400=FACE_BOUND('',#1248,.T.);
#1401=FACE_BOUND('',#1249,.T.);
#1402=FACE_BOUND('',#1250,.T.);
#1403=FACE_BOUND('',#1251,.T.);
#1404=FACE_BOUND('',#1252,.T.);
#1405=FACE_BOUND('',#1253,.T.);
#1406=FACE_BOUND('',#1254,.T.);
#1407=FACE_BOUND('',#1255,.T.);
#1408=FACE_BOUND('',#1256,.T.);
#1409=FACE_BOUND('',#1257,.T.);
#1410=FACE_BOUND('',#1258,.T.);
#1411=FACE_BOUND('',#1259,.T.);
#1412=FACE_BOUND('',#1260,.T.);
#1413=FACE_BOUND('',#1261,.T.);
#1414=FACE_BOUND('',#1262,.T.);
#1415=FACE_BOUND('',#1263,.T.);
#1416=FACE_BOUND('',#1264,.T.);
#1417=FACE_BOUND('',#1265,.T.);
#1418=FACE_BOUND('',#1266,.T.);
#1419=FACE_BOUND('',#1267,.T.);
#1420=FACE_BOUND('',#1268,.T.);
#1421=FACE_BOUND('',#1269,.T.);
#1422=FACE_BOUND('',#1270,.T.);
#1423=FACE_BOUND('',#1271,.T.);
#1424=FACE_BOUND('',#1272,.T.);
#1425=FACE_BOUND('',#1273,.T.);
#1426=FACE_BOUND('',#1274,.T.);
#1427=FACE_BOUND('',#1275,.T.);
#1428=FACE_BOUND('',#1276,.T.);
#1429=FACE_BOUND('',#1277,.T.);
#1430=FACE_BOUND('',#1278,.T.);
#1431=FACE_BOUND('',#1279,.T.);
#1432=FACE_BOUND('',#1280,.T.);
#1433=FACE_BOUND('',#1281,.T.);
#1434=FACE_BOUND('',#1282,.T.);
#1435=FACE_BOUND('',#1283,.T.);
#1436=FACE_BOUND('',#1284,.T.);
#1437=FACE_BOUND('',#1285,.T.);
#1438=FACE_BOUND('',#1286,.T.);
#1439=FACE_BOUND('',#1287,.T.);
#1440=FACE_BOUND('',#1288,.T.);
#1441=FACE_BOUND('',#1289,.T.);
#1442=FACE_BOUND('',#1290,.T.);
#1443=FACE_BOUND('',#1291,.T.);
#1444=FACE_BOUND('',#1292,.T.);
#1445=FACE_BOUND('',#1293,.T.);
#1446=FACE_BOUND('',#1294,.T.);
#1447=FACE_BOUND('',#1295,.T.);
#1448=FACE_BOUND('',#1296,.T.);
#1449=FACE_BOUND('',#1297,.T.);
#1450=FACE_BOUND('',#1298,.T.);
#1451=FACE_BOUND('',#1299,.T.);
#1452=FACE_BOUND('',#1300,.T.);
#1453=FACE_BOUND('',#1301,.T.);
#1454=FACE_BOUND('',#1302,.T.);
#1455=FACE_BOUND('',#1303,.T.);
#1456=FACE_BOUND('',#1304,.T.);
#1457=FACE_BOUND('',#1305,.T.);
#1458=FACE_BOUND('',#1306,.T.);
#1459=FACE_BOUND('',#1307,.T.);
#1460=FACE_BOUND('',#1308,.T.);
#1461=FACE_BOUND('',#1309,.T.);
#1462=FACE_BOUND('',#1310,.T.);
#1463=FACE_BOUND('',#1311,.T.);
#1464=FACE_BOUND('',#1312,.T.);
#1465=FACE_BOUND('',#1313,.T.);
#1466=FACE_BOUND('',#1314,.T.);
#1467=FACE_BOUND('',#1315,.T.);
#1468=FACE_BOUND('',#1316,.T.);
#1469=FACE_BOUND('',#1317,.T.);
#1470=FACE_BOUND('',#1318,.T.);
#1471=FACE_BOUND('',#1319,.T.);
#1472=FACE_BOUND('',#1320,.T.);
#1473=FACE_BOUND('',#1321,.T.);
#1474=FACE_BOUND('',#1322,.T.);
#1475=FACE_BOUND('',#1323,.T.);
#1476=FACE_BOUND('',#1324,.T.);
#1477=FACE_BOUND('',#1325,.T.);
#1478=FACE_BOUND('',#1326,.T.);
#1479=FACE_BOUND('',#1327,.T.);
#1480=FACE_BOUND('',#1328,.T.);
#1481=FACE_BOUND('',#1329,.T.);
#1482=FACE_BOUND('',#1330,.T.);
#1483=FACE_BOUND('',#1331,.T.);
#1484=FACE_BOUND('',#1332,.T.);
#1485=FACE_BOUND('',#1333,.T.);
#1486=FACE_BOUND('',#1334,.T.);
#1487=FACE_BOUND('',#1335,.T.);
#1488=FACE_BOUND('',#1336,.T.);
#1489=FACE_BOUND('',#1337,.T.);
#1490=FACE_BOUND('',#1338,.T.);
#1491=FACE_BOUND('',#1339,.T.);
#1492=FACE_BOUND('',#1340,.T.);
#1493=FACE_BOUND('',#1341,.T.);
#1494=FACE_BOUND('',#1342,.T.);
#1495=FACE_BOUND('',#1343,.T.);
#1496=FACE_BOUND('',#1344,.T.);
#1497=FACE_BOUND('',#1345,.T.);
#1498=FACE_BOUND('',#1346,.T.);
#1499=FACE_BOUND('',#1347,.T.);
#1500=FACE_BOUND('',#1348,.T.);
#1501=FACE_BOUND('',#1349,.T.);
#1502=FACE_BOUND('',#1350,.T.);
#1503=FACE_BOUND('',#1351,.T.);
#1504=FACE_BOUND('',#1352,.T.);
#1505=FACE_BOUND('',#1353,.T.);
#1506=FACE_BOUND('',#1354,.T.);
#1507=FACE_BOUND('',#1355,.T.);
#1508=FACE_BOUND('',#1356,.T.);
#1509=FACE_BOUND('',#1357,.T.);
#1510=FACE_BOUND('',#1358,.T.);
#1511=FACE_BOUND('',#1359,.T.);
#1512=FACE_BOUND('',#1360,.T.);
#1513=FACE_BOUND('',#1361,.T.);
#1514=FACE_BOUND('',#1362,.T.);
#1515=FACE_BOUND('',#1363,.T.);
#1516=FACE_BOUND('',#1364,.T.);
#1517=FACE_BOUND('',#1365,.T.);
#1518=FACE_BOUND('',#1366,.T.);
#1519=FACE_BOUND('',#1367,.T.);
#1520=FACE_BOUND('',#1368,.T.);
#1521=FACE_BOUND('',#1369,.T.);
#1522=FACE_BOUND('',#1370,.T.);
#1523=FACE_BOUND('',#1371,.T.);
#1524=FACE_BOUND('',#1372,.T.);
#1525=FACE_BOUND('',#1373,.T.);
#1526=FACE_BOUND('',#1374,.T.);
#1527=FACE_BOUND('',#1375,.T.);
#1528=FACE_BOUND('',#1376,.T.);
#1529=PLANE('',#1681);
#1530=PLANE('',#1745);
#1531=PLANE('',#1748);
#1532=PLANE('',#1749);
#1533=PLANE('',#1758);
#1534=PLANE('',#1761);
#1535=PLANE('',#1782);
#1536=PLANE('',#1797);
#1537=PLANE('',#1800);
#1538=PLANE('',#1803);
#1539=PLANE('',#1806);
#1540=PLANE('',#1809);
#1541=PLANE('',#1812);
#1542=PLANE('',#1815);
#1543=PLANE('',#1816);
#1544=PLANE('',#1817);
#1545=PLANE('',#1818);
#1546=PLANE('',#1819);
#1547=PLANE('',#1820);
#1548=PLANE('',#1821);
#1549=PLANE('',#1832);
#1550=PLANE('',#1833);
#1551=PLANE('',#1834);
#1552=PLANE('',#1835);
#1553=PLANE('',#1836);
#1554=PLANE('',#1837);
#1555=PLANE('',#1838);
#1556=PLANE('',#1839);
#1557=PLANE('',#1840);
#1558=PLANE('',#1841);
#1559=PLANE('',#1842);
#1560=PLANE('',#1843);
#1561=PLANE('',#1844);
#1562=PLANE('',#1845);
#1563=PLANE('',#1846);
#1564=PLANE('',#1847);
#1565=PLANE('',#1848);
#1566=PLANE('',#1849);
#1567=PLANE('',#1850);
#1568=PLANE('',#1851);
#1569=PLANE('',#1852);
#1570=PLANE('',#1853);
#1571=PLANE('',#1854);
#1572=PLANE('',#1855);
#1573=PLANE('',#1856);
#1574=PLANE('',#1857);
#1575=PLANE('',#1858);
#1576=PLANE('',#1859);
#1577=ADVANCED_FACE('',(#1377,#1378,#1379,#1380,#1381,#1382,#1383,#1384,
#1385,#1386,#1387,#1388),#1529,.F.);
#1578=ADVANCED_FACE('',(#1389,#1390),#12,.F.);
#1579=ADVANCED_FACE('',(#1391,#1392),#13,.F.);
#1580=ADVANCED_FACE('',(#1393,#1394),#14,.F.);
#1581=ADVANCED_FACE('',(#1395,#1396),#15,.F.);
#1582=ADVANCED_FACE('',(#1397),#16,.T.);
#1583=ADVANCED_FACE('',(#1398),#17,.T.);
#1584=ADVANCED_FACE('',(#1399,#1400),#18,.F.);
#1585=ADVANCED_FACE('',(#1401,#1402),#19,.F.);
#1586=ADVANCED_FACE('',(#1403,#1404),#20,.F.);
#1587=ADVANCED_FACE('',(#1405,#1406),#21,.F.);
#1588=ADVANCED_FACE('',(#1407,#1408),#22,.F.);
#1589=ADVANCED_FACE('',(#1409,#1410),#23,.F.);
#1590=ADVANCED_FACE('',(#1411),#24,.F.);
#1591=ADVANCED_FACE('',(#1412),#25,.F.);
#1592=ADVANCED_FACE('',(#1413),#26,.F.);
#1593=ADVANCED_FACE('',(#1414),#27,.F.);
#1594=ADVANCED_FACE('',(#1415),#1530,.T.);
#1595=ADVANCED_FACE('',(#1416),#1531,.T.);
#1596=ADVANCED_FACE('',(#1417),#1532,.F.);
#1597=ADVANCED_FACE('',(#1418,#1419),#28,.F.);
#1598=ADVANCED_FACE('',(#1420,#1421),#29,.F.);
#1599=ADVANCED_FACE('',(#1422,#1423,#1424),#1533,.T.);
#1600=ADVANCED_FACE('',(#1425,#1426,#1427),#1534,.F.);
#1601=ADVANCED_FACE('',(#1428,#1429),#30,.F.);
#1602=ADVANCED_FACE('',(#1430,#1431),#31,.F.);
#1603=ADVANCED_FACE('',(#1432,#1433),#32,.F.);
#1604=ADVANCED_FACE('',(#1434),#33,.F.);
#1605=ADVANCED_FACE('',(#1435),#34,.T.);
#1606=ADVANCED_FACE('',(#1436),#35,.F.);
#1607=ADVANCED_FACE('',(#1437,#1438),#36,.F.);
#1608=ADVANCED_FACE('',(#1439,#1440,#1441,#1442,#1443,#1444,#1445,#1446,
#1447,#1448,#1449,#1450,#1451,#1452,#1453),#1535,.T.);
#1609=ADVANCED_FACE('',(#1454),#1536,.F.);
#1610=ADVANCED_FACE('',(#1455,#1456),#37,.F.);
#1611=ADVANCED_FACE('',(#1457,#1458),#1537,.T.);
#1612=ADVANCED_FACE('',(#1459,#1460),#38,.F.);
#1613=ADVANCED_FACE('',(#1461,#1462),#1538,.T.);
#1614=ADVANCED_FACE('',(#1463,#1464),#39,.F.);
#1615=ADVANCED_FACE('',(#1465,#1466),#1539,.T.);
#1616=ADVANCED_FACE('',(#1467,#1468),#40,.F.);
#1617=ADVANCED_FACE('',(#1469,#1470),#1540,.T.);
#1618=ADVANCED_FACE('',(#1471,#1472),#41,.F.);
#1619=ADVANCED_FACE('',(#1473,#1474),#1541,.T.);
#1620=ADVANCED_FACE('',(#1475,#1476),#42,.F.);
#1621=ADVANCED_FACE('',(#1477,#1478),#1542,.T.);
#1622=ADVANCED_FACE('',(#1479),#1543,.F.);
#1623=ADVANCED_FACE('',(#1480),#1544,.T.);
#1624=ADVANCED_FACE('',(#1481),#1545,.F.);
#1625=ADVANCED_FACE('',(#1482),#1546,.T.);
#1626=ADVANCED_FACE('',(#1483),#1547,.F.);
#1627=ADVANCED_FACE('',(#1484),#1548,.T.);
#1628=ADVANCED_FACE('',(#1485),#43,.F.);
#1629=ADVANCED_FACE('',(#1486),#44,.F.);
#1630=ADVANCED_FACE('',(#1487),#45,.F.);
#1631=ADVANCED_FACE('',(#1488),#46,.T.);
#1632=ADVANCED_FACE('',(#1489),#47,.T.);
#1633=ADVANCED_FACE('',(#1490),#48,.F.);
#1634=ADVANCED_FACE('',(#1491),#49,.T.);
#1635=ADVANCED_FACE('',(#1492),#50,.T.);
#1636=ADVANCED_FACE('',(#1493),#51,.F.);
#1637=ADVANCED_FACE('',(#1494),#52,.T.);
#1638=ADVANCED_FACE('',(#1495),#1549,.T.);
#1639=ADVANCED_FACE('',(#1496),#1550,.T.);
#1640=ADVANCED_FACE('',(#1497),#1551,.T.);
#1641=ADVANCED_FACE('',(#1498),#1552,.T.);
#1642=ADVANCED_FACE('',(#1499),#1553,.T.);
#1643=ADVANCED_FACE('',(#1500),#1554,.T.);
#1644=ADVANCED_FACE('',(#1501,#1502),#1555,.T.);
#1645=ADVANCED_FACE('',(#1503),#1556,.F.);
#1646=ADVANCED_FACE('',(#1504),#1557,.F.);
#1647=ADVANCED_FACE('',(#1505),#1558,.F.);
#1648=ADVANCED_FACE('',(#1506),#1559,.F.);
#1649=ADVANCED_FACE('',(#1507),#1560,.F.);
#1650=ADVANCED_FACE('',(#1508),#1561,.F.);
#1651=ADVANCED_FACE('',(#1509,#1510),#1562,.T.);
#1652=ADVANCED_FACE('',(#1511),#1563,.F.);
#1653=ADVANCED_FACE('',(#1512),#1564,.F.);
#1654=ADVANCED_FACE('',(#1513),#1565,.F.);
#1655=ADVANCED_FACE('',(#1514),#1566,.F.);
#1656=ADVANCED_FACE('',(#1515),#1567,.F.);
#1657=ADVANCED_FACE('',(#1516),#1568,.F.);
#1658=ADVANCED_FACE('',(#1517,#1518),#1569,.T.);
#1659=ADVANCED_FACE('',(#1519),#1570,.T.);
#1660=ADVANCED_FACE('',(#1520),#1571,.T.);
#1661=ADVANCED_FACE('',(#1521),#1572,.T.);
#1662=ADVANCED_FACE('',(#1522),#1573,.T.);
#1663=ADVANCED_FACE('',(#1523),#1574,.T.);
#1664=ADVANCED_FACE('',(#1524),#1575,.T.);
#1665=ADVANCED_FACE('',(#1525,#1526),#1576,.T.);
#1666=ADVANCED_FACE('',(#1527),#53,.T.);
#1667=ADVANCED_FACE('',(#1528),#54,.T.);
#1668=CLOSED_SHELL('',(#1577,#1578,#1579,#1580,#1581,#1582,#1583,#1584,
#1585,#1586,#1587,#1588,#1589,#1590,#1591,#1592,#1593,#1594,#1595,#1596,
#1597,#1598,#1599,#1600,#1601,#1602,#1603,#1604,#1605,#1606,#1607,#1608,
#1609,#1610,#1611,#1612,#1613,#1614,#1615,#1616,#1617,#1618,#1619,#1620,
#1621,#1622,#1623,#1624,#1625,#1626,#1627,#1628,#1629,#1630,#1631,#1632,
#1633,#1634,#1635,#1636,#1637,#1638,#1639,#1640,#1641,#1642,#1643,#1644,
#1645,#1646,#1647,#1648,#1649,#1650,#1651,#1652,#1653,#1654,#1655,#1656,
#1657,#1658,#1659,#1660,#1661,#1662,#1663,#1664,#1665,#1666,#1667));
#1669=STYLED_ITEM('',(#1670),#1677);
#1670=PRESENTATION_STYLE_ASSIGNMENT((#1671));
#1671=SURFACE_STYLE_USAGE(.BOTH.,#1672);
#1672=SURFACE_SIDE_STYLE('',(#1673));
#1673=SURFACE_STYLE_FILL_AREA(#1674);
#1674=FILL_AREA_STYLE('',(#1675));
#1675=FILL_AREA_STYLE_COLOUR('',#1676);
#1676=COLOUR_RGB('',0.615686274509804,0.811764705882353,0.929411764705882);
#1677=MANIFOLD_SOLID_BREP('PIPER CamMount',#1668);
#1678=SHAPE_DEFINITION_REPRESENTATION(#2834,#1679);
#1679=SHAPE_REPRESENTATION('PIPER CamMount',(#1680),#2829);
#1680=AXIS2_PLACEMENT_3D('',#2356,#1862,#1863);
#1681=AXIS2_PLACEMENT_3D('',#2357,#1864,#1865);
#1682=AXIS2_PLACEMENT_3D('',#2401,#1887,#1888);
#1683=AXIS2_PLACEMENT_3D('',#2403,#1889,#1890);
#1684=AXIS2_PLACEMENT_3D('',#2405,#1891,#1892);
#1685=AXIS2_PLACEMENT_3D('',#2409,#1894,#1895);
#1686=AXIS2_PLACEMENT_3D('',#2413,#1897,#1898);
#1687=AXIS2_PLACEMENT_3D('',#2417,#1900,#1901);
#1688=AXIS2_PLACEMENT_3D('',#2419,#1902,#1903);
#1689=AXIS2_PLACEMENT_3D('',#2421,#1904,#1905);
#1690=AXIS2_PLACEMENT_3D('',#2425,#1907,#1908);
#1691=AXIS2_PLACEMENT_3D('',#2429,#1910,#1911);
#1692=AXIS2_PLACEMENT_3D('',#2433,#1913,#1914);
#1693=AXIS2_PLACEMENT_3D('',#2435,#1915,#1916);
#1694=AXIS2_PLACEMENT_3D('',#2437,#1917,#1918);
#1695=AXIS2_PLACEMENT_3D('',#2438,#1919,#1920);
#1696=AXIS2_PLACEMENT_3D('',#2440,#1921,#1922);
#1697=AXIS2_PLACEMENT_3D('',#2442,#1923,#1924);
#1698=AXIS2_PLACEMENT_3D('',#2444,#1925,#1926);
#1699=AXIS2_PLACEMENT_3D('',#2446,#1927,#1928);
#1700=AXIS2_PLACEMENT_3D('',#2448,#1929,#1930);
#1701=AXIS2_PLACEMENT_3D('',#2450,#1931,#1932);
#1702=AXIS2_PLACEMENT_3D('',#2453,#1933,#1934);
#1703=AXIS2_PLACEMENT_3D('',#2455,#1935,#1936);
#1704=AXIS2_PLACEMENT_3D('',#2457,#1937,#1938);
#1705=AXIS2_PLACEMENT_3D('',#2459,#1939,#1940);
#1706=AXIS2_PLACEMENT_3D('',#2461,#1941,#1942);
#1707=AXIS2_PLACEMENT_3D('',#2463,#1943,#1944);
#1708=AXIS2_PLACEMENT_3D('',#2465,#1945,#1946);
#1709=AXIS2_PLACEMENT_3D('',#2478,#1953,#1954);
#1710=AXIS2_PLACEMENT_3D('',#2479,#1955,#1956);
#1711=AXIS2_PLACEMENT_3D('',#2481,#1957,#1958);
#1712=AXIS2_PLACEMENT_3D('',#2483,#1959,#1960);
#1713=AXIS2_PLACEMENT_3D('',#2484,#1961,#1962);
#1714=AXIS2_PLACEMENT_3D('',#2486,#1963,#1964);
#1715=AXIS2_PLACEMENT_3D('',#2488,#1965,#1966);
#1716=AXIS2_PLACEMENT_3D('',#2489,#1967,#1968);
#1717=AXIS2_PLACEMENT_3D('',#2491,#1969,#1970);
#1718=AXIS2_PLACEMENT_3D('',#2493,#1971,#1972);
#1719=AXIS2_PLACEMENT_3D('',#2494,#1973,#1974);
#1720=AXIS2_PLACEMENT_3D('',#2496,#1975,#1976);
#1721=AXIS2_PLACEMENT_3D('',#2498,#1977,#1978);
#1722=AXIS2_PLACEMENT_3D('',#2499,#1979,#1980);
#1723=AXIS2_PLACEMENT_3D('',#2504,#1983,#1984);
#1724=AXIS2_PLACEMENT_3D('',#2507,#1986,#1987);
#1725=AXIS2_PLACEMENT_3D('',#2510,#1989,#1990);
#1726=AXIS2_PLACEMENT_3D('',#2511,#1991,#1992);
#1727=AXIS2_PLACEMENT_3D('',#2513,#1993,#1994);
#1728=AXIS2_PLACEMENT_3D('',#2514,#1995,#1996);
#1729=AXIS2_PLACEMENT_3D('',#2516,#1997,#1998);
#1730=AXIS2_PLACEMENT_3D('',#2517,#1999,#2000);
#1731=AXIS2_PLACEMENT_3D('',#2519,#2001,#2002);
#1732=AXIS2_PLACEMENT_3D('',#2520,#2003,#2004);
#1733=AXIS2_PLACEMENT_3D('',#2522,#2005,#2006);
#1734=AXIS2_PLACEMENT_3D('',#2523,#2007,#2008);
#1735=AXIS2_PLACEMENT_3D('',#2525,#2009,#2010);
#1736=AXIS2_PLACEMENT_3D('',#2526,#2011,#2012);
#1737=AXIS2_PLACEMENT_3D('',#2528,#2013,#2014);
#1738=AXIS2_PLACEMENT_3D('',#2531,#2016,#2017);
#1739=AXIS2_PLACEMENT_3D('',#2534,#2019,#2020);
#1740=AXIS2_PLACEMENT_3D('',#2537,#2022,#2023);
#1741=AXIS2_PLACEMENT_3D('',#2540,#2025,#2026);
#1742=AXIS2_PLACEMENT_3D('',#2543,#2028,#2029);
#1743=AXIS2_PLACEMENT_3D('',#2546,#2031,#2032);
#1744=AXIS2_PLACEMENT_3D('',#2549,#2034,#2035);
#1745=AXIS2_PLACEMENT_3D('',#2552,#2037,#2038);
#1746=AXIS2_PLACEMENT_3D('',#2560,#2042,#2043);
#1747=AXIS2_PLACEMENT_3D('',#2565,#2046,#2047);
#1748=AXIS2_PLACEMENT_3D('',#2566,#2048,#2049);
#1749=AXIS2_PLACEMENT_3D('',#2575,#2054,#2055);
#1750=AXIS2_PLACEMENT_3D('',#2583,#2059,#2060);
#1751=AXIS2_PLACEMENT_3D('',#2588,#2063,#2064);
#1752=AXIS2_PLACEMENT_3D('',#2589,#2065,#2066);
#1753=AXIS2_PLACEMENT_3D('',#2590,#2067,#2068);
#1754=AXIS2_PLACEMENT_3D('',#2592,#2069,#2070);
#1755=AXIS2_PLACEMENT_3D('',#2594,#2071,#2072);
#1756=AXIS2_PLACEMENT_3D('',#2595,#2073,#2074);
#1757=AXIS2_PLACEMENT_3D('',#2597,#2075,#2076);
#1758=AXIS2_PLACEMENT_3D('',#2599,#2077,#2078);
#1759=AXIS2_PLACEMENT_3D('',#2600,#2079,#2080);
#1760=AXIS2_PLACEMENT_3D('',#2602,#2082,#2083);
#1761=AXIS2_PLACEMENT_3D('',#2603,#2084,#2085);
#1762=AXIS2_PLACEMENT_3D('',#2604,#2086,#2087);
#1763=AXIS2_PLACEMENT_3D('',#2605,#2088,#2089);
#1764=AXIS2_PLACEMENT_3D('',#2607,#2091,#2092);
#1765=AXIS2_PLACEMENT_3D('',#2608,#2093,#2094);
#1766=AXIS2_PLACEMENT_3D('',#2609,#2095,#2096);
#1767=AXIS2_PLACEMENT_3D('',#2611,#2097,#2098);
#1768=AXIS2_PLACEMENT_3D('',#2612,#2099,#2100);
#1769=AXIS2_PLACEMENT_3D('',#2613,#2101,#2102);
#1770=AXIS2_PLACEMENT_3D('',#2615,#2103,#2104);
#1771=AXIS2_PLACEMENT_3D('',#2616,#2105,#2106);
#1772=AXIS2_PLACEMENT_3D('',#2617,#2107,#2108);
#1773=AXIS2_PLACEMENT_3D('',#2619,#2109,#2110);
#1774=AXIS2_PLACEMENT_3D('',#2622,#2112,#2113);
#1775=AXIS2_PLACEMENT_3D('',#2623,#2114,#2115);
#1776=AXIS2_PLACEMENT_3D('',#2626,#2117,#2118);
#1777=AXIS2_PLACEMENT_3D('',#2627,#2119,#2120);
#1778=AXIS2_PLACEMENT_3D('',#2628,#2121,#2122);
#1779=AXIS2_PLACEMENT_3D('',#2629,#2123,#2124);
#1780=AXIS2_PLACEMENT_3D('',#2630,#2125,#2126);
#1781=AXIS2_PLACEMENT_3D('',#2631,#2127,#2128);
#1782=AXIS2_PLACEMENT_3D('',#2633,#2129,#2130);
#1783=AXIS2_PLACEMENT_3D('',#2634,#2131,#2132);
#1784=AXIS2_PLACEMENT_3D('',#2636,#2133,#2134);
#1785=AXIS2_PLACEMENT_3D('',#2638,#2135,#2136);
#1786=AXIS2_PLACEMENT_3D('',#2640,#2137,#2138);
#1787=AXIS2_PLACEMENT_3D('',#2642,#2139,#2140);
#1788=AXIS2_PLACEMENT_3D('',#2644,#2141,#2142);
#1789=AXIS2_PLACEMENT_3D('',#2647,#2144,#2145);
#1790=AXIS2_PLACEMENT_3D('',#2651,#2147,#2148);
#1791=AXIS2_PLACEMENT_3D('',#2655,#2150,#2151);
#1792=AXIS2_PLACEMENT_3D('',#2659,#2153,#2154);
#1793=AXIS2_PLACEMENT_3D('',#2660,#2155,#2156);
#1794=AXIS2_PLACEMENT_3D('',#2664,#2158,#2159);
#1795=AXIS2_PLACEMENT_3D('',#2668,#2161,#2162);
#1796=AXIS2_PLACEMENT_3D('',#2672,#2164,#2165);
#1797=AXIS2_PLACEMENT_3D('',#2673,#2166,#2167);
#1798=AXIS2_PLACEMENT_3D('',#2674,#2168,#2169);
#1799=AXIS2_PLACEMENT_3D('',#2675,#2170,#2171);
#1800=AXIS2_PLACEMENT_3D('',#2677,#2172,#2173);
#1801=AXIS2_PLACEMENT_3D('',#2678,#2174,#2175);
#1802=AXIS2_PLACEMENT_3D('',#2679,#2176,#2177);
#1803=AXIS2_PLACEMENT_3D('',#2681,#2178,#2179);
#1804=AXIS2_PLACEMENT_3D('',#2682,#2180,#2181);
#1805=AXIS2_PLACEMENT_3D('',#2683,#2182,#2183);
#1806=AXIS2_PLACEMENT_3D('',#2685,#2184,#2185);
#1807=AXIS2_PLACEMENT_3D('',#2686,#2186,#2187);
#1808=AXIS2_PLACEMENT_3D('',#2687,#2188,#2189);
#1809=AXIS2_PLACEMENT_3D('',#2689,#2190,#2191);
#1810=AXIS2_PLACEMENT_3D('',#2690,#2192,#2193);
#1811=AXIS2_PLACEMENT_3D('',#2691,#2194,#2195);
#1812=AXIS2_PLACEMENT_3D('',#2693,#2196,#2197);
#1813=AXIS2_PLACEMENT_3D('',#2694,#2198,#2199);
#1814=AXIS2_PLACEMENT_3D('',#2695,#2200,#2201);
#1815=AXIS2_PLACEMENT_3D('',#2697,#2202,#2203);
#1816=AXIS2_PLACEMENT_3D('',#2698,#2204,#2205);
#1817=AXIS2_PLACEMENT_3D('',#2701,#2208,#2209);
#1818=AXIS2_PLACEMENT_3D('',#2704,#2212,#2213);
#1819=AXIS2_PLACEMENT_3D('',#2707,#2216,#2217);
#1820=AXIS2_PLACEMENT_3D('',#2710,#2220,#2221);
#1821=AXIS2_PLACEMENT_3D('',#2713,#2224,#2225);
#1822=AXIS2_PLACEMENT_3D('',#2716,#2228,#2229);
#1823=AXIS2_PLACEMENT_3D('',#2717,#2230,#2231);
#1824=AXIS2_PLACEMENT_3D('',#2718,#2232,#2233);
#1825=AXIS2_PLACEMENT_3D('',#2719,#2234,#2235);
#1826=AXIS2_PLACEMENT_3D('',#2720,#2236,#2237);
#1827=AXIS2_PLACEMENT_3D('',#2721,#2238,#2239);
#1828=AXIS2_PLACEMENT_3D('',#2722,#2240,#2241);
#1829=AXIS2_PLACEMENT_3D('',#2723,#2242,#2243);
#1830=AXIS2_PLACEMENT_3D('',#2724,#2244,#2245);
#1831=AXIS2_PLACEMENT_3D('',#2725,#2246,#2247);
#1832=AXIS2_PLACEMENT_3D('',#2726,#2248,#2249);
#1833=AXIS2_PLACEMENT_3D('',#2732,#2253,#2254);
#1834=AXIS2_PLACEMENT_3D('',#2736,#2257,#2258);
#1835=AXIS2_PLACEMENT_3D('',#2740,#2261,#2262);
#1836=AXIS2_PLACEMENT_3D('',#2744,#2265,#2266);
#1837=AXIS2_PLACEMENT_3D('',#2748,#2269,#2270);
#1838=AXIS2_PLACEMENT_3D('',#2750,#2272,#2273);
#1839=AXIS2_PLACEMENT_3D('',#2751,#2274,#2275);
#1840=AXIS2_PLACEMENT_3D('',#2757,#2279,#2280);
#1841=AXIS2_PLACEMENT_3D('',#2761,#2283,#2284);
#1842=AXIS2_PLACEMENT_3D('',#2765,#2287,#2288);
#1843=AXIS2_PLACEMENT_3D('',#2769,#2291,#2292);
#1844=AXIS2_PLACEMENT_3D('',#2773,#2295,#2296);
#1845=AXIS2_PLACEMENT_3D('',#2775,#2298,#2299);
#1846=AXIS2_PLACEMENT_3D('',#2776,#2300,#2301);
#1847=AXIS2_PLACEMENT_3D('',#2782,#2305,#2306);
#1848=AXIS2_PLACEMENT_3D('',#2786,#2309,#2310);
#1849=AXIS2_PLACEMENT_3D('',#2790,#2313,#2314);
#1850=AXIS2_PLACEMENT_3D('',#2794,#2317,#2318);
#1851=AXIS2_PLACEMENT_3D('',#2798,#2321,#2322);
#1852=AXIS2_PLACEMENT_3D('',#2800,#2324,#2325);
#1853=AXIS2_PLACEMENT_3D('',#2801,#2326,#2327);
#1854=AXIS2_PLACEMENT_3D('',#2807,#2331,#2332);
#1855=AXIS2_PLACEMENT_3D('',#2811,#2335,#2336);
#1856=AXIS2_PLACEMENT_3D('',#2815,#2339,#2340);
#1857=AXIS2_PLACEMENT_3D('',#2819,#2343,#2344);
#1858=AXIS2_PLACEMENT_3D('',#2823,#2347,#2348);
#1859=AXIS2_PLACEMENT_3D('',#2825,#2350,#2351);
#1860=AXIS2_PLACEMENT_3D('',#2826,#2352,#2353);
#1861=AXIS2_PLACEMENT_3D('',#2827,#2354,#2355);
#1862=DIRECTION('',(0.,0.,1.));
#1863=DIRECTION('',(1.,0.,0.));
#1864=DIRECTION('',(0.,0.,1.));
#1865=DIRECTION('',(1.,0.,0.));
#1866=DIRECTION('',(-0.874914024364169,-0.484278277409688,0.));
#1867=DIRECTION('',(-5.22789678161123E-15,-1.,0.));
#1868=DIRECTION('',(0.874914024364169,-0.484278277409687,0.));
#1869=DIRECTION('',(0.874914024364172,0.484278277409682,0.));
#1870=DIRECTION('',(5.22789678161118E-15,1.,0.));
#1871=DIRECTION('',(-0.874914024364165,0.484278277409696,0.));
#1872=DIRECTION('',(0.,-1.,0.));
#1873=DIRECTION('',(0.87491402436417,-0.484278277409686,0.));
#1874=DIRECTION('',(0.874914024364171,0.484278277409685,0.));
#1875=DIRECTION('',(0.,1.,0.));
#1876=DIRECTION('',(-0.874914024364167,0.484278277409692,0.));
#1877=DIRECTION('',(-0.874914024364167,-0.484278277409691,0.));
#1878=DIRECTION('',(-0.874914024364172,0.484278277409682,0.));
#1879=DIRECTION('',(-0.874914024364169,-0.484278277409687,0.));
#1880=DIRECTION('',(4.18231742528898E-15,-1.,0.));
#1881=DIRECTION('',(0.874914024364169,-0.484278277409687,0.));
#1882=DIRECTION('',(0.874914024364164,0.484278277409696,0.));
#1883=DIRECTION('',(-4.18231742528895E-15,1.,0.));
#1884=DIRECTION('',(0.,-1.,0.));
#1885=DIRECTION('',(1.,1.21027219254196E-16,0.));
#1886=DIRECTION('',(1.27957917543922E-16,-1.,0.));
#1887=DIRECTION('',(0.,0.,1.));
#1888=DIRECTION('',(1.,0.,0.));
#1889=DIRECTION('',(0.,0.,1.));
#1890=DIRECTION('',(1.,0.,0.));
#1891=DIRECTION('',(0.,0.,1.));
#1892=DIRECTION('',(1.,0.,0.));
#1893=DIRECTION('',(1.,0.,0.));
#1894=DIRECTION('',(0.,0.,1.));
#1895=DIRECTION('',(1.,0.,0.));
#1896=DIRECTION('',(0.,-1.,0.));
#1897=DIRECTION('',(0.,0.,1.));
#1898=DIRECTION('',(1.,0.,0.));
#1899=DIRECTION('',(1.,0.,0.));
#1900=DIRECTION('',(0.,0.,1.));
#1901=DIRECTION('',(1.,0.,0.));
#1902=DIRECTION('',(0.,0.,1.));
#1903=DIRECTION('',(1.,0.,0.));
#1904=DIRECTION('',(0.,0.,1.));
#1905=DIRECTION('',(1.,0.,0.));
#1906=DIRECTION('',(1.,0.,0.));
#1907=DIRECTION('',(0.,0.,1.));
#1908=DIRECTION('',(1.,0.,0.));
#1909=DIRECTION('',(0.,-1.,0.));
#1910=DIRECTION('',(0.,0.,1.));
#1911=DIRECTION('',(1.,0.,0.));
#1912=DIRECTION('',(1.,0.,0.));
#1913=DIRECTION('',(0.,0.,1.));
#1914=DIRECTION('',(1.,0.,0.));
#1915=DIRECTION('',(0.,0.,1.));
#1916=DIRECTION('',(1.,0.,0.));
#1917=DIRECTION('',(0.,0.,1.));
#1918=DIRECTION('',(1.,0.,0.));
#1919=DIRECTION('',(0.,0.,1.));
#1920=DIRECTION('',(1.,0.,0.));
#1921=DIRECTION('',(0.,0.,1.));
#1922=DIRECTION('',(1.,0.,0.));
#1923=DIRECTION('',(0.,0.,1.));
#1924=DIRECTION('',(1.,0.,0.));
#1925=DIRECTION('',(0.,0.,1.));
#1926=DIRECTION('',(1.,0.,0.));
#1927=DIRECTION('',(0.,0.,1.));
#1928=DIRECTION('',(1.,0.,0.));
#1929=DIRECTION('',(0.,0.,1.));
#1930=DIRECTION('',(1.,0.,0.));
#1931=DIRECTION('',(0.,0.,1.));
#1932=DIRECTION('',(1.,0.,0.));
#1933=DIRECTION('',(0.,0.,1.));
#1934=DIRECTION('',(1.,0.,0.));
#1935=DIRECTION('',(0.,0.,1.));
#1936=DIRECTION('',(1.,0.,0.));
#1937=DIRECTION('',(0.,0.,1.));
#1938=DIRECTION('',(1.,0.,0.));
#1939=DIRECTION('',(0.,0.,1.));
#1940=DIRECTION('',(1.,0.,0.));
#1941=DIRECTION('',(0.,0.,1.));
#1942=DIRECTION('',(1.,0.,0.));
#1943=DIRECTION('',(0.,0.,1.));
#1944=DIRECTION('',(1.,0.,0.));
#1945=DIRECTION('',(0.,0.,1.));
#1946=DIRECTION('',(1.,0.,0.));
#1947=DIRECTION('',(-0.874914024364171,0.484278277409684,0.));
#1948=DIRECTION('',(-0.87491402436417,-0.484278277409686,0.));
#1949=DIRECTION('',(0.,-1.,0.));
#1950=DIRECTION('',(0.874914024364167,-0.484278277409691,0.));
#1951=DIRECTION('',(0.874914024364168,0.484278277409689,0.));
#1952=DIRECTION('',(0.,1.,0.));
#1953=DIRECTION('',(0.,0.,1.));
#1954=DIRECTION('',(1.,0.,0.));
#1955=DIRECTION('',(0.,0.,1.));
#1956=DIRECTION('',(1.,0.,0.));
#1957=DIRECTION('',(0.,0.,1.));
#1958=DIRECTION('',(1.,0.,0.));
#1959=DIRECTION('',(0.,0.,1.));
#1960=DIRECTION('',(1.,0.,0.));
#1961=DIRECTION('',(0.,0.,1.));
#1962=DIRECTION('',(1.,0.,0.));
#1963=DIRECTION('',(0.,0.,1.));
#1964=DIRECTION('',(1.,0.,0.));
#1965=DIRECTION('',(0.,0.,1.));
#1966=DIRECTION('',(1.,0.,0.));
#1967=DIRECTION('',(0.,0.,1.));
#1968=DIRECTION('',(1.,0.,0.));
#1969=DIRECTION('',(0.,0.,1.));
#1970=DIRECTION('',(1.,0.,0.));
#1971=DIRECTION('',(0.,0.,1.));
#1972=DIRECTION('',(1.,0.,0.));
#1973=DIRECTION('',(0.,0.,1.));
#1974=DIRECTION('',(1.,0.,0.));
#1975=DIRECTION('',(0.,0.,1.));
#1976=DIRECTION('',(1.,0.,0.));
#1977=DIRECTION('',(0.,0.,-1.));
#1978=DIRECTION('',(-1.,0.,0.));
#1979=DIRECTION('',(0.,0.,1.));
#1980=DIRECTION('',(1.,0.,0.));
#1981=DIRECTION('',(0.,0.,-1.));
#1982=DIRECTION('',(0.,0.,-1.));
#1983=DIRECTION('',(0.,0.,-1.));
#1984=DIRECTION('',(-1.,0.,0.));
#1985=DIRECTION('',(0.,0.,-1.));
#1986=DIRECTION('',(0.,0.,1.));
#1987=DIRECTION('',(1.,0.,0.));
#1988=DIRECTION('',(0.,0.,-1.));
#1989=DIRECTION('',(0.,0.,-1.));
#1990=DIRECTION('',(-1.,0.,0.));
#1991=DIRECTION('',(0.,0.,1.));
#1992=DIRECTION('',(1.,0.,0.));
#1993=DIRECTION('',(0.,0.,-1.));
#1994=DIRECTION('',(-1.,0.,0.));
#1995=DIRECTION('',(0.,0.,1.));
#1996=DIRECTION('',(1.,0.,0.));
#1997=DIRECTION('',(0.,0.,-1.));
#1998=DIRECTION('',(-1.,0.,0.));
#1999=DIRECTION('',(0.,0.,1.));
#2000=DIRECTION('',(1.,0.,0.));
#2001=DIRECTION('',(0.,0.,-1.));
#2002=DIRECTION('',(-1.,0.,0.));
#2003=DIRECTION('',(0.,0.,1.));
#2004=DIRECTION('',(1.,0.,0.));
#2005=DIRECTION('',(0.,0.,-1.));
#2006=DIRECTION('',(-1.,0.,0.));
#2007=DIRECTION('',(0.,0.,1.));
#2008=DIRECTION('',(1.,0.,0.));
#2009=DIRECTION('',(0.,0.,-1.));
#2010=DIRECTION('',(-1.,0.,0.));
#2011=DIRECTION('',(0.,0.,1.));
#2012=DIRECTION('',(1.,0.,0.));
#2013=DIRECTION('',(0.,0.,-1.));
#2014=DIRECTION('',(-1.,0.,0.));
#2015=DIRECTION('',(0.,0.,-1.));
#2016=DIRECTION('',(0.,0.,1.));
#2017=DIRECTION('',(1.,0.,0.));
#2018=DIRECTION('',(0.,0.,-1.));
#2019=DIRECTION('',(0.,0.,-1.));
#2020=DIRECTION('',(-1.,0.,0.));
#2021=DIRECTION('',(0.,0.,-1.));
#2022=DIRECTION('',(0.,0.,1.));
#2023=DIRECTION('',(1.,0.,0.));
#2024=DIRECTION('',(0.,0.,-1.));
#2025=DIRECTION('',(0.,0.,-1.));
#2026=DIRECTION('',(-1.,0.,0.));
#2027=DIRECTION('',(0.,0.,-1.));
#2028=DIRECTION('',(0.,0.,1.));
#2029=DIRECTION('',(1.,0.,0.));
#2030=DIRECTION('',(0.,0.,-1.));
#2031=DIRECTION('',(0.,0.,-1.));
#2032=DIRECTION('',(-1.,0.,0.));
#2033=DIRECTION('',(0.,0.,-1.));
#2034=DIRECTION('',(0.,0.,1.));
#2035=DIRECTION('',(1.,0.,0.));
#2036=DIRECTION('',(0.,0.,-1.));
#2037=DIRECTION('',(1.,1.6214572830673E-17,-6.05136096270979E-17));
#2038=DIRECTION('',(-6.05136096270979E-17,0.5,-0.866025403784439));
#2039=DIRECTION('',(-1.6214572830673E-17,-0.866025403784439,-0.5));
#2040=DIRECTION('',(-6.05136096270979E-17,0.5,-0.866025403784439));
#2041=DIRECTION('',(-1.6214572830673E-17,-0.866025403784439,-0.5));
#2042=DIRECTION('',(1.,1.6214572830673E-17,-6.05136096270979E-17));
#2043=DIRECTION('',(-6.05136096270979E-17,0.,-1.));
#2044=DIRECTION('',(1.27957917543922E-16,-1.,0.));
#2045=DIRECTION('',(0.,0.,-1.));
#2046=DIRECTION('',(1.,1.6214572830673E-17,-6.05136096270979E-17));
#2047=DIRECTION('',(-6.05136096270979E-17,0.,-1.));
#2048=DIRECTION('',(-1.45155052841588E-16,0.866025403784439,0.5));
#2049=DIRECTION('',(-1.,-1.55964768062037E-16,-2.01712032090326E-17));
#2050=DIRECTION('',(1.,1.55964768062037E-16,2.01712032090326E-17));
#2051=DIRECTION('',(-6.05136096270979E-17,0.5,-0.866025403784439));
#2052=DIRECTION('',(1.,1.55964768062037E-16,2.01712032090326E-17));
#2053=DIRECTION('',(-6.05136096270979E-17,0.5,-0.866025403784439));
#2054=DIRECTION('',(1.,1.6214572830673E-17,-6.05136096270979E-17));
#2055=DIRECTION('',(-6.05136096270979E-17,0.5,-0.866025403784439));
#2056=DIRECTION('',(-1.6214572830673E-17,-0.866025403784439,-0.5));
#2057=DIRECTION('',(-6.05136096270979E-17,0.5,-0.866025403784439));
#2058=DIRECTION('',(-1.6214572830673E-17,-0.866025403784439,-0.5));
#2059=DIRECTION('',(1.,1.6214572830673E-17,-6.05136096270979E-17));
#2060=DIRECTION('',(-6.05136096270979E-17,0.,-1.));
#2061=DIRECTION('',(0.,0.,-1.));
#2062=DIRECTION('',(0.,-1.,0.));
#2063=DIRECTION('',(1.,1.6214572830673E-17,-6.05136096270979E-17));
#2064=DIRECTION('',(-6.05136096270979E-17,0.,-1.));
#2065=DIRECTION('',(-6.05136096270979E-17,0.5,-0.866025403784439));
#2066=DIRECTION('',(-1.,-1.6214572830673E-17,6.05136096270979E-17));
#2067=DIRECTION('',(6.05136096270979E-17,-0.5,0.866025403784439));
#2068=DIRECTION('',(1.,1.6214572830673E-17,-6.05136096270979E-17));
#2069=DIRECTION('',(6.05136096270979E-17,-0.5,0.866025403784439));
#2070=DIRECTION('',(1.,1.6214572830673E-17,-6.05136096270979E-17));
#2071=DIRECTION('',(-6.05136096270979E-17,0.5,-0.866025403784439));
#2072=DIRECTION('',(-1.,-1.6214572830673E-17,6.05136096270979E-17));
#2073=DIRECTION('',(6.05136096270979E-17,-0.5,0.866025403784439));
#2074=DIRECTION('',(1.,1.6214572830673E-17,-6.05136096270979E-17));
#2075=DIRECTION('',(6.05136096270979E-17,-0.5,0.866025403784439));
#2076=DIRECTION('',(1.,1.6214572830673E-17,-6.05136096270979E-17));
#2077=DIRECTION('',(6.05136096270979E-17,-0.5,0.866025403784439));
#2078=DIRECTION('',(1.,1.6214572830673E-17,-6.05136096270979E-17));
#2079=DIRECTION('',(6.05136096270979E-17,-0.5,0.866025403784439));
#2080=DIRECTION('',(0.,-0.866025403784439,-0.5));
#2081=DIRECTION('',(-1.,-1.21027219254196E-16,1.15555796663234E-33));
#2082=DIRECTION('',(6.05136096270979E-17,-0.5,0.866025403784439));
#2083=DIRECTION('',(0.,-0.866025403784439,-0.5));
#2084=DIRECTION('',(6.05136096270979E-17,-0.5,0.866025403784439));
#2085=DIRECTION('',(1.,1.6214572830673E-17,-6.05136096270979E-17));
#2086=DIRECTION('',(6.05136096270979E-17,-0.5,0.866025403784439));
#2087=DIRECTION('',(0.,-0.866025403784439,-0.5));
#2088=DIRECTION('',(6.05136096270979E-17,-0.5,0.866025403784439));
#2089=DIRECTION('',(0.,-0.866025403784439,-0.5));
#2090=DIRECTION('',(1.,1.21027219254196E-16,-1.15555796663234E-33));
#2091=DIRECTION('',(0.,0.,-1.));
#2092=DIRECTION('',(-1.,0.,0.));
#2093=DIRECTION('',(0.,0.,1.));
#2094=DIRECTION('',(1.,0.,0.));
#2095=DIRECTION('',(0.,0.,1.));
#2096=DIRECTION('',(1.,0.,0.));
#2097=DIRECTION('',(0.,0.,-1.));
#2098=DIRECTION('',(-1.,0.,0.));
#2099=DIRECTION('',(0.,0.,1.));
#2100=DIRECTION('',(1.,0.,0.));
#2101=DIRECTION('',(0.,0.,1.));
#2102=DIRECTION('',(1.,0.,0.));
#2103=DIRECTION('',(0.,0.,-1.));
#2104=DIRECTION('',(-1.,0.,0.));
#2105=DIRECTION('',(0.,0.,1.));
#2106=DIRECTION('',(1.,0.,0.));
#2107=DIRECTION('',(0.,0.,1.));
#2108=DIRECTION('',(1.,0.,0.));
#2109=DIRECTION('',(0.,0.,-1.));
#2110=DIRECTION('',(-1.,0.,0.));
#2111=DIRECTION('',(0.,0.,-1.));
#2112=DIRECTION('',(0.,0.,1.));
#2113=DIRECTION('',(1.,0.,0.));
#2114=DIRECTION('',(0.,0.,-1.));
#2115=DIRECTION('',(-1.,0.,0.));
#2116=DIRECTION('',(0.,0.,-1.));
#2117=DIRECTION('',(0.,0.,1.));
#2118=DIRECTION('',(1.,0.,0.));
#2119=DIRECTION('',(0.,0.,-1.));
#2120=DIRECTION('',(-1.,0.,0.));
#2121=DIRECTION('',(0.,0.,1.));
#2122=DIRECTION('',(1.,0.,0.));
#2123=DIRECTION('',(0.,0.,-1.));
#2124=DIRECTION('',(-1.,0.,0.));
#2125=DIRECTION('',(0.,0.,1.));
#2126=DIRECTION('',(1.,0.,0.));
#2127=DIRECTION('',(0.,0.,1.));
#2128=DIRECTION('',(1.,0.,0.));
#2129=DIRECTION('',(0.,0.,1.));
#2130=DIRECTION('',(1.,0.,0.));
#2131=DIRECTION('',(0.,0.,1.));
#2132=DIRECTION('',(1.,0.,0.));
#2133=DIRECTION('',(0.,0.,1.));
#2134=DIRECTION('',(1.,0.,0.));
#2135=DIRECTION('',(0.,0.,1.));
#2136=DIRECTION('',(1.,0.,0.));
#2137=DIRECTION('',(0.,0.,1.));
#2138=DIRECTION('',(1.,0.,0.));
#2139=DIRECTION('',(0.,0.,1.));
#2140=DIRECTION('',(1.,0.,0.));
#2141=DIRECTION('',(0.,0.,1.));
#2142=DIRECTION('',(1.,0.,0.));
#2143=DIRECTION('',(-1.,-1.21027219254196E-16,0.));
#2144=DIRECTION('',(0.,0.,1.));
#2145=DIRECTION('',(1.,0.,0.));
#2146=DIRECTION('',(-1.,0.,0.));
#2147=DIRECTION('',(0.,0.,1.));
#2148=DIRECTION('',(1.,0.,0.));
#2149=DIRECTION('',(0.,1.,0.));
#2150=DIRECTION('',(0.,0.,1.));
#2151=DIRECTION('',(1.,0.,0.));
#2152=DIRECTION('',(-1.,0.,0.));
#2153=DIRECTION('',(0.,0.,1.));
#2154=DIRECTION('',(1.,0.,0.));
#2155=DIRECTION('',(0.,0.,1.));
#2156=DIRECTION('',(1.,0.,0.));
#2157=DIRECTION('',(-1.,0.,0.));
#2158=DIRECTION('',(0.,0.,1.));
#2159=DIRECTION('',(1.,0.,0.));
#2160=DIRECTION('',(0.,1.,0.));
#2161=DIRECTION('',(0.,0.,1.));
#2162=DIRECTION('',(1.,0.,0.));
#2163=DIRECTION('',(-1.,0.,0.));
#2164=DIRECTION('',(0.,0.,1.));
#2165=DIRECTION('',(1.,0.,0.));
#2166=DIRECTION('',(0.,0.,1.));
#2167=DIRECTION('',(1.,0.,0.));
#2168=DIRECTION('',(0.,0.,1.));
#2169=DIRECTION('',(1.,0.,0.));
#2170=DIRECTION('',(0.,0.,1.));
#2171=DIRECTION('',(1.,0.,0.));
#2172=DIRECTION('',(0.,0.,1.));
#2173=DIRECTION('',(1.,0.,0.));
#2174=DIRECTION('',(0.,0.,1.));
#2175=DIRECTION('',(1.,0.,0.));
#2176=DIRECTION('',(0.,0.,1.));
#2177=DIRECTION('',(1.,0.,0.));
#2178=DIRECTION('',(0.,0.,1.));
#2179=DIRECTION('',(1.,0.,0.));
#2180=DIRECTION('',(0.,0.,1.));
#2181=DIRECTION('',(1.,0.,0.));
#2182=DIRECTION('',(0.,0.,1.));
#2183=DIRECTION('',(1.,0.,0.));
#2184=DIRECTION('',(0.,0.,1.));
#2185=DIRECTION('',(1.,0.,0.));
#2186=DIRECTION('',(0.,0.,1.));
#2187=DIRECTION('',(1.,0.,0.));
#2188=DIRECTION('',(0.,0.,1.));
#2189=DIRECTION('',(1.,0.,0.));
#2190=DIRECTION('',(0.,0.,1.));
#2191=DIRECTION('',(1.,0.,0.));
#2192=DIRECTION('',(0.,0.,1.));
#2193=DIRECTION('',(1.,0.,0.));
#2194=DIRECTION('',(0.,0.,1.));
#2195=DIRECTION('',(1.,0.,0.));
#2196=DIRECTION('',(0.,0.,1.));
#2197=DIRECTION('',(1.,0.,0.));
#2198=DIRECTION('',(0.,0.,1.));
#2199=DIRECTION('',(1.,0.,0.));
#2200=DIRECTION('',(0.,0.,1.));
#2201=DIRECTION('',(1.,0.,0.));
#2202=DIRECTION('',(0.,0.,1.));
#2203=DIRECTION('',(1.,0.,0.));
#2204=DIRECTION('',(1.,0.,0.));
#2205=DIRECTION('',(0.,0.,-1.));
#2206=DIRECTION('',(0.,0.,1.));
#2207=DIRECTION('',(0.,0.,1.));
#2208=DIRECTION('',(0.,1.,0.));
#2209=DIRECTION('',(0.,0.,1.));
#2210=DIRECTION('',(0.,0.,-1.));
#2211=DIRECTION('',(0.,0.,1.));
#2212=DIRECTION('',(0.,1.,0.));
#2213=DIRECTION('',(0.,0.,1.));
#2214=DIRECTION('',(0.,0.,1.));
#2215=DIRECTION('',(0.,0.,1.));
#2216=DIRECTION('',(0.,1.,0.));
#2217=DIRECTION('',(0.,0.,1.));
#2218=DIRECTION('',(0.,0.,-1.));
#2219=DIRECTION('',(0.,0.,1.));
#2220=DIRECTION('',(0.,1.,0.));
#2221=DIRECTION('',(0.,0.,1.));
#2222=DIRECTION('',(0.,0.,1.));
#2223=DIRECTION('',(0.,0.,1.));
#2224=DIRECTION('',(1.,0.,0.));
#2225=DIRECTION('',(0.,0.,-1.));
#2226=DIRECTION('',(0.,0.,1.));
#2227=DIRECTION('',(0.,0.,1.));
#2228=DIRECTION('',(0.,0.,-1.));
#2229=DIRECTION('',(-1.,0.,0.));
#2230=DIRECTION('',(0.,0.,-1.));
#2231=DIRECTION('',(-1.,0.,0.));
#2232=DIRECTION('',(0.,0.,-1.));
#2233=DIRECTION('',(-1.,0.,0.));
#2234=DIRECTION('',(0.,0.,-1.));
#2235=DIRECTION('',(-1.,0.,0.));
#2236=DIRECTION('',(0.,0.,1.));
#2237=DIRECTION('',(1.,0.,0.));
#2238=DIRECTION('',(0.,0.,-1.));
#2239=DIRECTION('',(-1.,0.,0.));
#2240=DIRECTION('',(0.,0.,1.));
#2241=DIRECTION('',(1.,0.,0.));
#2242=DIRECTION('',(0.,0.,-1.));
#2243=DIRECTION('',(-1.,0.,0.));
#2244=DIRECTION('',(1.,1.21027219254196E-16,0.));
#2245=DIRECTION('',(-1.21027219254196E-16,1.,0.));
#2246=DIRECTION('',(1.,1.21027219254196E-16,0.));
#2247=DIRECTION('',(-1.21027219254196E-16,1.,0.));
#2248=DIRECTION('',(0.484278277409688,-0.874914024364169,0.));
#2249=DIRECTION('',(0.874914024364169,0.484278277409688,0.));
#2250=DIRECTION('',(0.,0.,-1.));
#2251=DIRECTION('',(-0.874914024364169,-0.484278277409688,0.));
#2252=DIRECTION('',(0.,0.,-1.));
#2253=DIRECTION('',(-0.484278277409696,-0.874914024364165,0.));
#2254=DIRECTION('',(0.874914024364165,-0.484278277409696,0.));
#2255=DIRECTION('',(0.,0.,-1.));
#2256=DIRECTION('',(-0.874914024364165,0.484278277409696,0.));
#2257=DIRECTION('',(-1.,5.22789678161118E-15,0.));
#2258=DIRECTION('',(-5.22789678161118E-15,-1.,0.));
#2259=DIRECTION('',(0.,0.,-1.));
#2260=DIRECTION('',(5.22789678161118E-15,1.,0.));
#2261=DIRECTION('',(-0.484278277409682,0.874914024364172,0.));
#2262=DIRECTION('',(-0.874914024364172,-0.484278277409682,0.));
#2263=DIRECTION('',(0.,0.,-1.));
#2264=DIRECTION('',(0.874914024364172,0.484278277409682,0.));
#2265=DIRECTION('',(0.484278277409687,0.874914024364169,0.));
#2266=DIRECTION('',(-0.874914024364169,0.484278277409687,0.));
#2267=DIRECTION('',(0.,0.,-1.));
#2268=DIRECTION('',(0.874914024364169,-0.484278277409687,0.));
#2269=DIRECTION('',(1.,-5.22789678161123E-15,0.));
#2270=DIRECTION('',(5.22789678161123E-15,1.,0.));
#2271=DIRECTION('',(-5.22789678161123E-15,-1.,0.));
#2272=DIRECTION('',(0.,0.,-1.));
#2273=DIRECTION('',(1.,0.,0.));
#2274=DIRECTION('',(0.484278277409686,0.87491402436417,0.));
#2275=DIRECTION('',(-0.87491402436417,0.484278277409686,0.));
#2276=DIRECTION('',(0.,0.,-1.));
#2277=DIRECTION('',(0.87491402436417,-0.484278277409686,0.));
#2278=DIRECTION('',(0.,0.,-1.));
#2279=DIRECTION('',(1.,0.,0.));
#2280=DIRECTION('',(0.,0.,-1.));
#2281=DIRECTION('',(0.,0.,-1.));
#2282=DIRECTION('',(0.,-1.,0.));
#2283=DIRECTION('',(0.484278277409691,-0.874914024364167,0.));
#2284=DIRECTION('',(0.874914024364167,0.484278277409691,0.));
#2285=DIRECTION('',(0.,0.,-1.));
#2286=DIRECTION('',(-0.874914024364167,-0.484278277409691,0.));
#2287=DIRECTION('',(-0.484278277409692,-0.874914024364167,0.));
#2288=DIRECTION('',(0.874914024364167,-0.484278277409692,0.));
#2289=DIRECTION('',(0.,0.,-1.));
#2290=DIRECTION('',(-0.874914024364167,0.484278277409692,0.));
#2291=DIRECTION('',(-1.,0.,0.));
#2292=DIRECTION('',(0.,0.,1.));
#2293=DIRECTION('',(0.,0.,-1.));
#2294=DIRECTION('',(0.,1.,0.));
#2295=DIRECTION('',(-0.484278277409685,0.874914024364171,0.));
#2296=DIRECTION('',(-0.874914024364171,-0.484278277409685,0.));
#2297=DIRECTION('',(0.874914024364171,0.484278277409685,0.));
#2298=DIRECTION('',(0.,0.,-1.));
#2299=DIRECTION('',(1.,0.,0.));
#2300=DIRECTION('',(0.484278277409687,-0.874914024364169,0.));
#2301=DIRECTION('',(0.874914024364169,0.484278277409687,0.));
#2302=DIRECTION('',(0.,0.,-1.));
#2303=DIRECTION('',(-0.874914024364169,-0.484278277409687,0.));
#2304=DIRECTION('',(0.,0.,-1.));
#2305=DIRECTION('',(-0.484278277409682,-0.874914024364172,0.));
#2306=DIRECTION('',(0.874914024364172,-0.484278277409682,0.));
#2307=DIRECTION('',(0.,0.,-1.));
#2308=DIRECTION('',(-0.874914024364172,0.484278277409682,0.));
#2309=DIRECTION('',(-1.,-4.18231742528895E-15,0.));
#2310=DIRECTION('',(4.18231742528895E-15,-1.,0.));
#2311=DIRECTION('',(0.,0.,-1.));
#2312=DIRECTION('',(-4.18231742528895E-15,1.,0.));
#2313=DIRECTION('',(-0.484278277409696,0.874914024364164,0.));
#2314=DIRECTION('',(-0.874914024364164,-0.484278277409696,0.));
#2315=DIRECTION('',(0.,0.,-1.));
#2316=DIRECTION('',(0.874914024364164,0.484278277409696,0.));
#2317=DIRECTION('',(0.484278277409687,0.874914024364169,0.));
#2318=DIRECTION('',(-0.874914024364169,0.484278277409687,0.));
#2319=DIRECTION('',(0.,0.,-1.));
#2320=DIRECTION('',(0.874914024364169,-0.484278277409687,0.));
#2321=DIRECTION('',(1.,4.18231742528899E-15,0.));
#2322=DIRECTION('',(-4.18231742528899E-15,1.,0.));
#2323=DIRECTION('',(4.18231742528898E-15,-1.,0.));
#2324=DIRECTION('',(0.,0.,-1.));
#2325=DIRECTION('',(1.,0.,0.));
#2326=DIRECTION('',(-0.484278277409684,-0.874914024364171,0.));
#2327=DIRECTION('',(0.874914024364171,-0.484278277409684,0.));
#2328=DIRECTION('',(0.,0.,-1.));
#2329=DIRECTION('',(-0.874914024364171,0.484278277409684,0.));
#2330=DIRECTION('',(0.,0.,-1.));
#2331=DIRECTION('',(-1.,0.,0.));
#2332=DIRECTION('',(0.,0.,1.));
#2333=DIRECTION('',(0.,0.,-1.));
#2334=DIRECTION('',(0.,1.,0.));
#2335=DIRECTION('',(-0.484278277409689,0.874914024364168,0.));
#2336=DIRECTION('',(-0.874914024364168,-0.484278277409689,0.));
#2337=DIRECTION('',(0.,0.,-1.));
#2338=DIRECTION('',(0.874914024364168,0.484278277409689,0.));
#2339=DIRECTION('',(0.484278277409691,0.874914024364167,0.));
#2340=DIRECTION('',(-0.874914024364167,0.484278277409691,0.));
#2341=DIRECTION('',(0.,0.,-1.));
#2342=DIRECTION('',(0.874914024364167,-0.484278277409691,0.));
#2343=DIRECTION('',(1.,0.,0.));
#2344=DIRECTION('',(0.,0.,-1.));
#2345=DIRECTION('',(0.,0.,-1.));
#2346=DIRECTION('',(0.,-1.,0.));
#2347=DIRECTION('',(0.484278277409686,-0.87491402436417,0.));
#2348=DIRECTION('',(0.87491402436417,0.484278277409686,0.));
#2349=DIRECTION('',(-0.87491402436417,-0.484278277409686,0.));
#2350=DIRECTION('',(0.,0.,-1.));
#2351=DIRECTION('',(1.,0.,0.));
#2352=DIRECTION('',(6.05136096270979E-17,-0.5,0.866025403784439));
#2353=DIRECTION('',(0.,-0.866025403784439,-0.5));
#2354=DIRECTION('',(-6.05136096270979E-17,0.5,-0.866025403784439));
#2355=DIRECTION('',(0.,0.866025403784439,0.5));
#2356=CARTESIAN_POINT('',(0.,0.,0.));
#2357=CARTESIAN_POINT('',(-0.0173625009953976,-0.060088455427702,-0.0025));
#2358=CARTESIAN_POINT('',(0.0123245245125354,-0.087694855626005,-0.0025));
#2359=CARTESIAN_POINT('',(0.0137745245125355,-0.0868922584762401,-0.0025));
#2360=CARTESIAN_POINT('',(0.0108745245125354,-0.08849745277577,-0.0025));
#2361=CARTESIAN_POINT('',(0.0108745245125354,-0.0901565554211001,-0.0025));
#2362=CARTESIAN_POINT('',(0.0108745245125354,-0.0918156580664302,-0.0025));
#2363=CARTESIAN_POINT('',(0.0123245245125354,-0.0926182552161952,-0.0025));
#2364=CARTESIAN_POINT('',(0.0137745245125354,-0.0934208523659601,-0.0025));
#2365=CARTESIAN_POINT('',(0.0152245245125354,-0.0926182552161952,-0.0025));
#2366=CARTESIAN_POINT('',(0.0166745245125354,-0.0918156580664302,-0.0025));
#2367=CARTESIAN_POINT('',(0.0166745245125355,-0.0901565554211001,-0.0025));
#2368=CARTESIAN_POINT('',(0.0166745245125355,-0.08849745277577,-0.0025));
#2369=CARTESIAN_POINT('',(0.0152245245125354,-0.087694855626005,-0.0025));
#2370=CARTESIAN_POINT('',(0.0166745245125355,-0.0807832100079969,-0.0025));
#2371=CARTESIAN_POINT('',(0.0166745245125355,-0.0791241073626668,-0.0025));
#2372=CARTESIAN_POINT('',(0.0166745245125355,-0.082442312653327,-0.0025));
#2373=CARTESIAN_POINT('',(0.0152245245125354,-0.0783215102129019,-0.0025));
#2374=CARTESIAN_POINT('',(0.0137745245125355,-0.0775189130631369,-0.0025));
#2375=CARTESIAN_POINT('',(0.0123245245125355,-0.0783215102129018,-0.0025));
#2376=CARTESIAN_POINT('',(0.0108745245125354,-0.0791241073626668,-0.0025));
#2377=CARTESIAN_POINT('',(0.0108745245125354,-0.0807832100079969,-0.0025));
#2378=CARTESIAN_POINT('',(0.0108745245125354,-0.082442312653327,-0.0025));
#2379=CARTESIAN_POINT('',(0.0123245245125355,-0.083244909803092,-0.0025));
#2380=CARTESIAN_POINT('',(0.0137745245125355,-0.0840475069528569,-0.0025));
#2381=CARTESIAN_POINT('',(0.0152245245125354,-0.083244909803092,-0.0025));
#2382=CARTESIAN_POINT('',(-0.0499495265033305,-0.0926182552161952,-0.0025));
#2383=CARTESIAN_POINT('',(-0.0484995265033305,-0.0934208523659601,-0.0025));
#2384=CARTESIAN_POINT('',(-0.0513995265033305,-0.0918156580664302,-0.0025));
#2385=CARTESIAN_POINT('',(-0.0470495265033305,-0.0926182552161952,-0.0025));
#2386=CARTESIAN_POINT('',(-0.0455995265033305,-0.0918156580664302,-0.0025));
#2387=CARTESIAN_POINT('',(-0.0455995265033305,-0.0901565554211001,-0.0025));
#2388=CARTESIAN_POINT('',(-0.0455995265033305,-0.08849745277577,-0.0025));
#2389=CARTESIAN_POINT('',(-0.0470495265033305,-0.087694855626005,-0.0025));
#2390=CARTESIAN_POINT('',(-0.0484995265033306,-0.0868922584762401,-0.0025));
#2391=CARTESIAN_POINT('',(-0.0499495265033306,-0.087694855626005,-0.0025));
#2392=CARTESIAN_POINT('',(-0.0513995265033305,-0.08849745277577,-0.0025));
#2393=CARTESIAN_POINT('',(-0.0513995265033305,-0.0901565554211001,-0.0025));
#2394=CARTESIAN_POINT('',(-0.0388625009953976,-0.0299317506217239,-0.0025));
#2395=CARTESIAN_POINT('',(-0.0388625009953976,-0.00727882491057991,-0.0025));
#2396=CARTESIAN_POINT('',(-0.0388625009953974,-0.0536564731025924,-0.0025));
#2397=CARTESIAN_POINT('',(-0.0173625009953976,-0.00727882491057991,-0.0025));
#2398=CARTESIAN_POINT('',(0.00413749900460226,-0.0072788249105799,-0.0025));
#2399=CARTESIAN_POINT('',(0.00413749900460227,-0.0299317506217239,-0.0025));
#2400=CARTESIAN_POINT('',(0.00413749900460226,-0.0536564731025924,-0.0025));
#2401=CARTESIAN_POINT('',(0.0514298583716075,-0.0536564731025924,-0.0025));
#2402=CARTESIAN_POINT('',(0.00850530755857584,-0.0735071706217587,-0.0025));
#2403=CARTESIAN_POINT('',(-0.0173625009953976,-0.0854698827145485,-0.0025));
#2404=CARTESIAN_POINT('',(0.00898844678603132,-0.0746127398574056,-0.0025));
#2405=CARTESIAN_POINT('',(0.0117622307630238,-0.0734698827145485,-0.0025));
#2406=CARTESIAN_POINT('',(0.0117622307630238,-0.0764698827145485,-0.0025));
#2407=CARTESIAN_POINT('',(0.014366539287044,-0.0764698827145485,-0.0025));
#2408=CARTESIAN_POINT('',(0.0160539450035057,-0.0764698827145485,-0.0025));
#2409=CARTESIAN_POINT('',(0.0160539450035057,-0.0794698827145485,-0.0025));
#2410=CARTESIAN_POINT('',(0.0190539450035056,-0.0794698827145485,-0.0025));
#2411=CARTESIAN_POINT('',(0.0190539450035056,-0.0854698827145485,-0.0025));
#2412=CARTESIAN_POINT('',(0.0190539450035056,-0.0914698827145485,-0.0025));
#2413=CARTESIAN_POINT('',(0.0160539450035057,-0.0914698827145485,-0.0025));
#2414=CARTESIAN_POINT('',(0.0160539450035057,-0.0944698827145485,-0.0025));
#2415=CARTESIAN_POINT('',(0.014366539287044,-0.0944698827145485,-0.0025));
#2416=CARTESIAN_POINT('',(0.0117622307630238,-0.0944698827145485,-0.0025));
#2417=CARTESIAN_POINT('',(0.0117622307630238,-0.0974698827145485,-0.0025));
#2418=CARTESIAN_POINT('',(0.00898844678603132,-0.0963270255716914,-0.0025));
#2419=CARTESIAN_POINT('',(-0.0173625009953976,-0.0854698827145485,-0.0025));
#2420=CARTESIAN_POINT('',(-0.0437134487768264,-0.0963270255716914,-0.0025));
#2421=CARTESIAN_POINT('',(-0.046487232753819,-0.0974698827145485,-0.0025));
#2422=CARTESIAN_POINT('',(-0.046487232753819,-0.0944698827145485,-0.0025));
#2423=CARTESIAN_POINT('',(-0.0490915412778391,-0.0944698827145485,-0.0025));
#2424=CARTESIAN_POINT('',(-0.0507789469943008,-0.0944698827145485,-0.0025));
#2425=CARTESIAN_POINT('',(-0.0507789469943008,-0.0914698827145485,-0.0025));
#2426=CARTESIAN_POINT('',(-0.0537789469943008,-0.0914698827145485,-0.0025));
#2427=CARTESIAN_POINT('',(-0.0537789469943008,-0.0854698827145485,-0.0025));
#2428=CARTESIAN_POINT('',(-0.0537789469943008,-0.0794698827145485,-0.0025));
#2429=CARTESIAN_POINT('',(-0.0507789469943008,-0.0794698827145485,-0.0025));
#2430=CARTESIAN_POINT('',(-0.0507789469943008,-0.0764698827145485,-0.0025));
#2431=CARTESIAN_POINT('',(-0.0490915412778391,-0.0764698827145485,-0.0025));
#2432=CARTESIAN_POINT('',(-0.046487232753819,-0.0764698827145485,-0.0025));
#2433=CARTESIAN_POINT('',(-0.046487232753819,-0.0734698827145485,-0.0025));
#2434=CARTESIAN_POINT('',(-0.0437134487768264,-0.0746127398574056,-0.0025));
#2435=CARTESIAN_POINT('',(-0.0173625009953976,-0.0854698827145485,-0.0025));
#2436=CARTESIAN_POINT('',(-0.043230309549371,-0.0735071706217587,-0.0025));
#2437=CARTESIAN_POINT('',(-0.0861548603624026,-0.0536564731025924,-0.0025));
#2438=CARTESIAN_POINT('',(0.00763749900460246,-0.0854698827145485,-0.0025));
#2439=CARTESIAN_POINT('',(0.00923749900460246,-0.0854698827145485,-0.0025));
#2440=CARTESIAN_POINT('',(-0.00486250099539756,-0.107120517809159,-0.0025));
#2441=CARTESIAN_POINT('',(-0.00326250099539756,-0.107120517809159,-0.0025));
#2442=CARTESIAN_POINT('',(-0.0298625009953975,-0.107120517809159,-0.0025));
#2443=CARTESIAN_POINT('',(-0.0282625009953975,-0.107120517809159,-0.0025));
#2444=CARTESIAN_POINT('',(-0.0423625009953976,-0.0854698827145485,-0.0025));
#2445=CARTESIAN_POINT('',(-0.0407625009953976,-0.0854698827145485,-0.0025));
#2446=CARTESIAN_POINT('',(-0.00486250099539756,-0.0638192476199375,-0.0025));
#2447=CARTESIAN_POINT('',(-0.00326250099539756,-0.0638192476199375,-0.0025));
#2448=CARTESIAN_POINT('',(-0.0298625009953975,-0.0638192476199375,-0.0025));
#2449=CARTESIAN_POINT('',(-0.0282625009953975,-0.0638192476199375,-0.0025));
#2450=CARTESIAN_POINT('',(-0.0173625009953976,-0.0854698827145485,-0.0025));
#2451=CARTESIAN_POINT('',(-0.0193702587890631,-0.0680854382701041,-0.0025));
#2452=CARTESIAN_POINT('',(-0.034746945439842,-0.083462124920883,-0.0025));
#2453=CARTESIAN_POINT('',(-0.0353625009953976,-0.0854698827145485,-0.0025));
#2454=CARTESIAN_POINT('',(-0.034746945439842,-0.0874776405082141,-0.0025));
#2455=CARTESIAN_POINT('',(-0.0173625009953976,-0.0854698827145485,-0.0025));
#2456=CARTESIAN_POINT('',(-0.0193702587890631,-0.102854327158993,-0.0025));
#2457=CARTESIAN_POINT('',(-0.0173625009953976,-0.103469882714548,-0.0025));
#2458=CARTESIAN_POINT('',(-0.0153547432017321,-0.102854327158993,-0.0025));
#2459=CARTESIAN_POINT('',(-0.0173625009953976,-0.0854698827145485,-0.0025));
#2460=CARTESIAN_POINT('',(2.19434490468867E-5,-0.0874776405082141,-0.0025));
#2461=CARTESIAN_POINT('',(0.000637499004602449,-0.0854698827145485,-0.0025));
#2462=CARTESIAN_POINT('',(2.19434490468899E-5,-0.083462124920883,-0.0025));
#2463=CARTESIAN_POINT('',(-0.0173625009953976,-0.0854698827145485,-0.0025));
#2464=CARTESIAN_POINT('',(-0.015354743201732,-0.0680854382701041,-0.0025));
#2465=CARTESIAN_POINT('',(-0.0173625009953976,-0.0674698827145485,-0.0025));
#2466=CARTESIAN_POINT('',(-0.0470495265033306,-0.0783215102129018,-0.0025));
#2467=CARTESIAN_POINT('',(-0.0455995265033306,-0.0791241073626668,-0.0025));
#2468=CARTESIAN_POINT('',(-0.0484995265033306,-0.0775189130631369,-0.0025));
#2469=CARTESIAN_POINT('',(-0.0499495265033306,-0.0783215102129018,-0.0025));
#2470=CARTESIAN_POINT('',(-0.0513995265033306,-0.0791241073626668,-0.0025));
#2471=CARTESIAN_POINT('',(-0.0513995265033306,-0.0807832100079969,-0.0025));
#2472=CARTESIAN_POINT('',(-0.0513995265033306,-0.082442312653327,-0.0025));
#2473=CARTESIAN_POINT('',(-0.0499495265033306,-0.083244909803092,-0.0025));
#2474=CARTESIAN_POINT('',(-0.0484995265033306,-0.0840475069528569,-0.0025));
#2475=CARTESIAN_POINT('',(-0.0470495265033306,-0.083244909803092,-0.0025));
#2476=CARTESIAN_POINT('',(-0.0455995265033306,-0.082442312653327,-0.0025));
#2477=CARTESIAN_POINT('',(-0.0455995265033306,-0.0807832100079969,-0.0025));
#2478=CARTESIAN_POINT('',(-0.0484995265033306,-0.0807832100079969,-0.002502));
#2479=CARTESIAN_POINT('',(-0.0484995265033306,-0.0807832100079969,0.0025));
#2480=CARTESIAN_POINT('',(-0.0468995265033306,-0.0807832100079969,0.0025));
#2481=CARTESIAN_POINT('',(-0.0484995265033306,-0.0807832100079969,-0.0005));
#2482=CARTESIAN_POINT('',(-0.0468995265033306,-0.0807832100079969,-0.0005));
#2483=CARTESIAN_POINT('',(-0.0484995265033306,-0.0901565554211001,-0.002502));
#2484=CARTESIAN_POINT('',(-0.0484995265033306,-0.0901565554211001,0.0025));
#2485=CARTESIAN_POINT('',(-0.0468995265033306,-0.0901565554211001,0.0025));
#2486=CARTESIAN_POINT('',(-0.0484995265033306,-0.0901565554211001,-0.0005));
#2487=CARTESIAN_POINT('',(-0.0468995265033306,-0.0901565554211001,-0.0005));
#2488=CARTESIAN_POINT('',(0.0137745245125355,-0.0807832100079969,-0.002502));
#2489=CARTESIAN_POINT('',(0.0137745245125355,-0.0807832100079969,0.0025));
#2490=CARTESIAN_POINT('',(0.0153745245125355,-0.0807832100079969,0.0025));
#2491=CARTESIAN_POINT('',(0.0137745245125355,-0.0807832100079969,-0.0005));
#2492=CARTESIAN_POINT('',(0.0153745245125355,-0.0807832100079969,-0.0005));
#2493=CARTESIAN_POINT('',(0.0137745245125355,-0.0901565554211001,-0.002502));
#2494=CARTESIAN_POINT('',(0.0137745245125355,-0.0901565554211001,0.0025));
#2495=CARTESIAN_POINT('',(0.0153745245125355,-0.0901565554211001,0.0025));
#2496=CARTESIAN_POINT('',(0.0137745245125355,-0.0901565554211001,-0.0005));
#2497=CARTESIAN_POINT('',(0.0153745245125355,-0.0901565554211001,-0.0005));
#2498=CARTESIAN_POINT('',(-0.0173625009953976,-0.0854698827145485,0.0025));
#2499=CARTESIAN_POINT('',(-0.0173625009953976,-0.0854698827145485,0.0025));
#2500=CARTESIAN_POINT('',(0.00898844678603132,-0.0746127398574056,0.0025));
#2501=CARTESIAN_POINT('',(0.00850530755857584,-0.0735071706217587,0.0025));
#2502=CARTESIAN_POINT('',(0.00898844678603132,-0.0746127398574056,0.0025));
#2503=CARTESIAN_POINT('',(0.00850530755857584,-0.0735071706217587,0.0025));
#2504=CARTESIAN_POINT('',(-0.0173625009953976,-0.0854698827145485,0.0025));
#2505=CARTESIAN_POINT('',(0.00898844678603132,-0.0963270255716914,0.0025));
#2506=CARTESIAN_POINT('',(0.00898844678603132,-0.0963270255716914,0.0025));
#2507=CARTESIAN_POINT('',(-0.0173625009953976,-0.0854698827145485,0.0025));
#2508=CARTESIAN_POINT('',(-0.0437134487768264,-0.0963270255716914,0.0025));
#2509=CARTESIAN_POINT('',(-0.0437134487768264,-0.0963270255716914,0.0025));
#2510=CARTESIAN_POINT('',(-0.0298625009953975,-0.0638192476199375,0.0025));
#2511=CARTESIAN_POINT('',(-0.0298625009953975,-0.0638192476199375,-0.0005));
#2512=CARTESIAN_POINT('',(-0.0282625009953975,-0.0638192476199375,-0.0005));
#2513=CARTESIAN_POINT('',(-0.00486250099539756,-0.0638192476199375,0.0025));
#2514=CARTESIAN_POINT('',(-0.00486250099539756,-0.0638192476199375,-0.0005));
#2515=CARTESIAN_POINT('',(-0.00326250099539756,-0.0638192476199375,-0.0005));
#2516=CARTESIAN_POINT('',(-0.0423625009953976,-0.0854698827145485,0.0025));
#2517=CARTESIAN_POINT('',(-0.0423625009953976,-0.0854698827145485,-0.0005));
#2518=CARTESIAN_POINT('',(-0.0407625009953976,-0.0854698827145485,-0.0005));
#2519=CARTESIAN_POINT('',(-0.0298625009953975,-0.107120517809159,0.0025));
#2520=CARTESIAN_POINT('',(-0.0298625009953975,-0.107120517809159,-0.0005));
#2521=CARTESIAN_POINT('',(-0.0282625009953975,-0.107120517809159,-0.0005));
#2522=CARTESIAN_POINT('',(-0.00486250099539756,-0.107120517809159,0.0025));
#2523=CARTESIAN_POINT('',(-0.00486250099539756,-0.107120517809159,-0.0005));
#2524=CARTESIAN_POINT('',(-0.00326250099539756,-0.107120517809159,-0.0005));
#2525=CARTESIAN_POINT('',(0.00763749900460246,-0.0854698827145485,0.0025));
#2526=CARTESIAN_POINT('',(0.00763749900460246,-0.0854698827145485,-0.0005));
#2527=CARTESIAN_POINT('',(0.00923749900460246,-0.0854698827145485,-0.0005));
#2528=CARTESIAN_POINT('',(-0.0173625009953976,-0.0854698827145485,0.0025));
#2529=CARTESIAN_POINT('',(-0.0193702587890631,-0.0680854382701041,0.0025));
#2530=CARTESIAN_POINT('',(-0.019370258789063,-0.0680854382701041,0.001));
#2531=CARTESIAN_POINT('',(-0.0173625009953976,-0.0854698827145485,0.001));
#2532=CARTESIAN_POINT('',(-0.034746945439842,-0.083462124920883,0.001));
#2533=CARTESIAN_POINT('',(-0.034746945439842,-0.083462124920883,0.0025));
#2534=CARTESIAN_POINT('',(-0.0173625009953976,-0.0854698827145485,0.0025));
#2535=CARTESIAN_POINT('',(2.19434490468899E-5,-0.083462124920883,0.0025));
#2536=CARTESIAN_POINT('',(2.19434490468938E-5,-0.083462124920883,0.001));
#2537=CARTESIAN_POINT('',(-0.0173625009953976,-0.0854698827145485,0.001));
#2538=CARTESIAN_POINT('',(-0.015354743201732,-0.0680854382701041,0.001));
#2539=CARTESIAN_POINT('',(-0.015354743201732,-0.0680854382701041,0.0025));
#2540=CARTESIAN_POINT('',(-0.0173625009953976,-0.0854698827145485,0.0025));
#2541=CARTESIAN_POINT('',(-0.0153547432017321,-0.102854327158993,0.0025));
#2542=CARTESIAN_POINT('',(-0.015354743201732,-0.102854327158993,0.001));
#2543=CARTESIAN_POINT('',(-0.0173625009953976,-0.0854698827145485,0.001));
#2544=CARTESIAN_POINT('',(2.19434490468867E-5,-0.0874776405082141,0.001));
#2545=CARTESIAN_POINT('',(2.19434490468867E-5,-0.0874776405082141,0.0025));
#2546=CARTESIAN_POINT('',(-0.0173625009953976,-0.0854698827145485,0.0025));
#2547=CARTESIAN_POINT('',(-0.034746945439842,-0.0874776405082141,0.0025));
#2548=CARTESIAN_POINT('',(-0.034746945439842,-0.087477640508214,0.001));
#2549=CARTESIAN_POINT('',(-0.0173625009953976,-0.0854698827145485,0.001));
#2550=CARTESIAN_POINT('',(-0.0193702587890631,-0.102854327158993,0.001));
#2551=CARTESIAN_POINT('',(-0.0193702587890631,-0.102854327158993,0.0025));
#2552=CARTESIAN_POINT('',(0.00413749900460243,0.00991251804051003,0.0125801270189222));
#2553=CARTESIAN_POINT('',(0.00413749900460243,0.01241251804051,0.00825));
#2554=CARTESIAN_POINT('',(0.00413749900460243,0.0267019372029533,0.0165));
#2555=CARTESIAN_POINT('',(0.00413749900460243,-0.0052788249105799,-0.00196410161513775));
#2556=CARTESIAN_POINT('',(0.00413749900460243,0.0242019372029533,0.0208301270189222));
#2557=CARTESIAN_POINT('',(0.00413749900460243,0.0242019372029533,0.0208301270189222));
#2558=CARTESIAN_POINT('',(0.00413749900460243,0.00991251804051003,0.0125801270189222));
#2559=CARTESIAN_POINT('',(0.00413749900460243,-0.00661857087273551,0.00303589838486225));
#2560=CARTESIAN_POINT('',(0.00413749900460243,-0.00861857087273551,0.0065));
#2561=CARTESIAN_POINT('',(0.00413749900460226,-0.00861857087273551,0.0025));
#2562=CARTESIAN_POINT('',(0.00413749900460227,-0.0299317506217239,0.0025));
#2563=CARTESIAN_POINT('',(0.00413749900460226,-0.0536564731025924,0.0025));
#2564=CARTESIAN_POINT('',(0.00413749900460226,-0.0536564731025924,0.0025));
#2565=CARTESIAN_POINT('',(0.00413749900460243,-0.0072788249105799,0.0015));
#2566=CARTESIAN_POINT('',(-0.0173625009953976,0.0285320642218754,0.0233301270189221));
#2567=CARTESIAN_POINT('',(-0.0173625009953976,0.0310320642218755,0.019));
#2568=CARTESIAN_POINT('',(-0.0338625009953976,0.0310320642218755,0.019));
#2569=CARTESIAN_POINT('',(-0.000862500995397565,0.0310320642218755,0.019));
#2570=CARTESIAN_POINT('',(-0.0338625009953976,0.0285320642218754,0.0233301270189221));
#2571=CARTESIAN_POINT('',(-0.0338625009953976,0.0285320642218754,0.0233301270189221));
#2572=CARTESIAN_POINT('',(-0.0173625009953976,0.0285320642218754,0.0233301270189221));
#2573=CARTESIAN_POINT('',(-0.000862500995397565,0.0285320642218755,0.0233301270189221));
#2574=CARTESIAN_POINT('',(-0.000862500995397565,0.0285320642218755,0.0233301270189221));
#2575=CARTESIAN_POINT('',(-0.0388625009953976,0.00991251804051003,0.0125801270189222));
#2576=CARTESIAN_POINT('',(-0.0388625009953976,0.00991251804051003,0.0125801270189222));
#2577=CARTESIAN_POINT('',(-0.0388625009953976,0.0242019372029532,0.0208301270189222));
#2578=CARTESIAN_POINT('',(-0.0388625009953976,-0.00661857087273552,0.00303589838486225));
#2579=CARTESIAN_POINT('',(-0.0388625009953976,0.0267019372029532,0.0165));
#2580=CARTESIAN_POINT('',(-0.0388625009953976,0.0267019372029532,0.0165));
#2581=CARTESIAN_POINT('',(-0.0388625009953976,0.01241251804051,0.00825));
#2582=CARTESIAN_POINT('',(-0.0388625009953976,-0.00527882491057991,-0.00196410161513776));
#2583=CARTESIAN_POINT('',(-0.0388625009953976,-0.00727882491057991,0.0015));
#2584=CARTESIAN_POINT('',(-0.0388625009953974,-0.0536564731025924,0.0025));
#2585=CARTESIAN_POINT('',(-0.0388625009953974,-0.0536564731025924,0.0025));
#2586=CARTESIAN_POINT('',(-0.0388625009953976,-0.0299317506217239,0.0025));
#2587=CARTESIAN_POINT('',(-0.0388625009953976,-0.00861857087273552,0.0025));
#2588=CARTESIAN_POINT('',(-0.0388625009953976,-0.00861857087273552,0.0065));
#2589=CARTESIAN_POINT('',(-0.0273625009953976,0.00991251804051003,0.0125801270189222));
#2590=CARTESIAN_POINT('',(-0.0273625009953976,0.00991251804051003,0.0125801270189222));
#2591=CARTESIAN_POINT('',(-0.0257625009953975,0.00991251804051003,0.0125801270189222));
#2592=CARTESIAN_POINT('',(-0.0273625009953976,0.01241251804051,0.00825));
#2593=CARTESIAN_POINT('',(-0.0257625009953975,0.01241251804051,0.00825));
#2594=CARTESIAN_POINT('',(-0.00736250099539757,0.00991251804051003,0.0125801270189222));
#2595=CARTESIAN_POINT('',(-0.00736250099539757,0.00991251804051003,0.0125801270189222));
#2596=CARTESIAN_POINT('',(-0.00576250099539757,0.00991251804051003,0.0125801270189222));
#2597=CARTESIAN_POINT('',(-0.00736250099539757,0.01241251804051,0.00825));
#2598=CARTESIAN_POINT('',(-0.00576250099539757,0.01241251804051,0.00825));
#2599=CARTESIAN_POINT('',(-0.0173625009953976,0.00991251804051004,0.0125801270189222));
#2600=CARTESIAN_POINT('',(-0.0338625009953976,0.0242019372029532,0.0208301270189222));
#2601=CARTESIAN_POINT('',(0.00413749900460243,-0.00661857087273551,0.00303589838486225));
#2602=CARTESIAN_POINT('',(-0.000862500995397565,0.0242019372029533,0.0208301270189222));
#2603=CARTESIAN_POINT('',(-0.0173625009953976,0.01241251804051,0.00825));
#2604=CARTESIAN_POINT('',(-0.0338625009953976,0.0267019372029532,0.0165));
#2605=CARTESIAN_POINT('',(-0.000862500995397566,0.0267019372029533,0.0165));
#2606=CARTESIAN_POINT('',(-0.0173625009953976,-0.00527882491057991,-0.00196410161513776));
#2607=CARTESIAN_POINT('',(-0.0173625009953976,-0.0674698827145485,0.0025));
#2608=CARTESIAN_POINT('',(-0.0173625009953976,-0.0674698827145485,0.001));
#2609=CARTESIAN_POINT('',(-0.0173625009953976,-0.0674698827145485,0.0025));
#2610=CARTESIAN_POINT('',(-0.0152625009953976,-0.0674698827145485,0.0025));
#2611=CARTESIAN_POINT('',(0.000637499004602449,-0.0854698827145485,0.0025));
#2612=CARTESIAN_POINT('',(0.000637499004602449,-0.0854698827145485,0.001));
#2613=CARTESIAN_POINT('',(0.000637499004602449,-0.0854698827145485,0.0025));
#2614=CARTESIAN_POINT('',(0.00273749900460245,-0.0854698827145485,0.0025));
#2615=CARTESIAN_POINT('',(-0.0173625009953976,-0.103469882714548,0.0025));
#2616=CARTESIAN_POINT('',(-0.0173625009953976,-0.103469882714548,0.001));
#2617=CARTESIAN_POINT('',(-0.0173625009953976,-0.103469882714548,0.0025));
#2618=CARTESIAN_POINT('',(-0.0152625009953976,-0.103469882714548,0.0025));
#2619=CARTESIAN_POINT('',(-0.0861548603624026,-0.0536564731025924,0.0025));
#2620=CARTESIAN_POINT('',(-0.043230309549371,-0.0735071706217587,0.0025));
#2621=CARTESIAN_POINT('',(-0.043230309549371,-0.0735071706217587,0.0025));
#2622=CARTESIAN_POINT('',(-0.0861548603624026,-0.0536564731025924,0.0025));
#2623=CARTESIAN_POINT('',(-0.0173625009953976,-0.0854698827145485,0.0025));
#2624=CARTESIAN_POINT('',(-0.0437134487768264,-0.0746127398574056,0.0025));
#2625=CARTESIAN_POINT('',(-0.0437134487768264,-0.0746127398574056,0.0025));
#2626=CARTESIAN_POINT('',(-0.0173625009953976,-0.0854698827145485,0.0025));
#2627=CARTESIAN_POINT('',(0.0514298583716075,-0.0536564731025924,0.0025));
#2628=CARTESIAN_POINT('',(0.0514298583716075,-0.0536564731025924,0.0025));
#2629=CARTESIAN_POINT('',(-0.0353625009953976,-0.0854698827145485,0.0025));
#2630=CARTESIAN_POINT('',(-0.0353625009953976,-0.0854698827145485,0.001));
#2631=CARTESIAN_POINT('',(-0.0353625009953976,-0.0854698827145485,0.0025));
#2632=CARTESIAN_POINT('',(-0.0332625009953976,-0.0854698827145485,0.0025));
#2633=CARTESIAN_POINT('',(-0.0173625009953976,-0.060088455427702,0.0025));
#2634=CARTESIAN_POINT('',(-0.00486250099539756,-0.0638192476199375,0.0025));
#2635=CARTESIAN_POINT('',(-0.00201250099539756,-0.0638192476199375,0.0025));
#2636=CARTESIAN_POINT('',(0.00763749900460246,-0.0854698827145485,0.0025));
#2637=CARTESIAN_POINT('',(0.0104874990046025,-0.0854698827145485,0.0025));
#2638=CARTESIAN_POINT('',(-0.00486250099539756,-0.107120517809159,0.0025));
#2639=CARTESIAN_POINT('',(-0.00201250099539756,-0.107120517809159,0.0025));
#2640=CARTESIAN_POINT('',(-0.0298625009953975,-0.107120517809159,0.0025));
#2641=CARTESIAN_POINT('',(-0.0270125009953976,-0.107120517809159,0.0025));
#2642=CARTESIAN_POINT('',(-0.0423625009953976,-0.0854698827145485,0.0025));
#2643=CARTESIAN_POINT('',(-0.0395125009953976,-0.0854698827145485,0.0025));
#2644=CARTESIAN_POINT('',(-0.0298625009953975,-0.0638192476199375,0.0025));
#2645=CARTESIAN_POINT('',(-0.0270125009953976,-0.0638192476199375,0.0025));
#2646=CARTESIAN_POINT('',(-0.0388625009953976,-0.00861857087273552,0.0025));
#2647=CARTESIAN_POINT('',(-0.046487232753819,-0.0734698827145485,0.0025));
#2648=CARTESIAN_POINT('',(-0.046487232753819,-0.0764698827145485,0.0025));
#2649=CARTESIAN_POINT('',(-0.0490915412778391,-0.0764698827145485,0.0025));
#2650=CARTESIAN_POINT('',(-0.0507789469943008,-0.0764698827145485,0.0025));
#2651=CARTESIAN_POINT('',(-0.0507789469943008,-0.0794698827145485,0.0025));
#2652=CARTESIAN_POINT('',(-0.0537789469943008,-0.0794698827145485,0.0025));
#2653=CARTESIAN_POINT('',(-0.0537789469943008,-0.0854698827145485,0.0025));
#2654=CARTESIAN_POINT('',(-0.0537789469943008,-0.0914698827145485,0.0025));
#2655=CARTESIAN_POINT('',(-0.0507789469943008,-0.0914698827145485,0.0025));
#2656=CARTESIAN_POINT('',(-0.0507789469943008,-0.0944698827145485,0.0025));
#2657=CARTESIAN_POINT('',(-0.0490915412778391,-0.0944698827145485,0.0025));
#2658=CARTESIAN_POINT('',(-0.046487232753819,-0.0944698827145485,0.0025));
#2659=CARTESIAN_POINT('',(-0.046487232753819,-0.0974698827145485,0.0025));
#2660=CARTESIAN_POINT('',(0.0117622307630238,-0.0974698827145485,0.0025));
#2661=CARTESIAN_POINT('',(0.0117622307630238,-0.0944698827145485,0.0025));
#2662=CARTESIAN_POINT('',(0.014366539287044,-0.0944698827145485,0.0025));
#2663=CARTESIAN_POINT('',(0.0160539450035057,-0.0944698827145485,0.0025));
#2664=CARTESIAN_POINT('',(0.0160539450035057,-0.0914698827145485,0.0025));
#2665=CARTESIAN_POINT('',(0.0190539450035056,-0.0914698827145485,0.0025));
#2666=CARTESIAN_POINT('',(0.0190539450035056,-0.0854698827145485,0.0025));
#2667=CARTESIAN_POINT('',(0.0190539450035056,-0.0794698827145485,0.0025));
#2668=CARTESIAN_POINT('',(0.0160539450035057,-0.0794698827145485,0.0025));
#2669=CARTESIAN_POINT('',(0.0160539450035057,-0.0764698827145485,0.0025));
#2670=CARTESIAN_POINT('',(0.014366539287044,-0.0764698827145485,0.0025));
#2671=CARTESIAN_POINT('',(0.0117622307630238,-0.0764698827145485,0.0025));
#2672=CARTESIAN_POINT('',(0.0117622307630238,-0.0734698827145485,0.0025));
#2673=CARTESIAN_POINT('',(-0.0173625009953976,-0.060088455427702,0.001));
#2674=CARTESIAN_POINT('',(-0.0298625009953975,-0.0638192476199375,-0.0005));
#2675=CARTESIAN_POINT('',(-0.0298625009953975,-0.0638192476199375,-0.0005));
#2676=CARTESIAN_POINT('',(-0.0270125009953976,-0.0638192476199375,-0.0005));
#2677=CARTESIAN_POINT('',(-0.0173625009953976,-0.0607583284087798,-0.0005));
#2678=CARTESIAN_POINT('',(-0.0423625009953976,-0.0854698827145485,-0.0005));
#2679=CARTESIAN_POINT('',(-0.0423625009953976,-0.0854698827145485,-0.0005));
#2680=CARTESIAN_POINT('',(-0.0395125009953976,-0.0854698827145485,-0.0005));
#2681=CARTESIAN_POINT('',(-0.0173625009953976,-0.0607583284087798,-0.0005));
#2682=CARTESIAN_POINT('',(-0.0298625009953975,-0.107120517809159,-0.0005));
#2683=CARTESIAN_POINT('',(-0.0298625009953975,-0.107120517809159,-0.0005));
#2684=CARTESIAN_POINT('',(-0.0270125009953976,-0.107120517809159,-0.0005));
#2685=CARTESIAN_POINT('',(-0.0173625009953976,-0.0607583284087798,-0.0005));
#2686=CARTESIAN_POINT('',(-0.00486250099539756,-0.107120517809159,-0.0005));
#2687=CARTESIAN_POINT('',(-0.00486250099539756,-0.107120517809159,-0.0005));
#2688=CARTESIAN_POINT('',(-0.00201250099539756,-0.107120517809159,-0.0005));
#2689=CARTESIAN_POINT('',(-0.0173625009953976,-0.0607583284087798,-0.0005));
#2690=CARTESIAN_POINT('',(0.00763749900460246,-0.0854698827145485,-0.0005));
#2691=CARTESIAN_POINT('',(0.00763749900460246,-0.0854698827145485,-0.0005));
#2692=CARTESIAN_POINT('',(0.0104874990046025,-0.0854698827145485,-0.0005));
#2693=CARTESIAN_POINT('',(-0.0173625009953976,-0.0607583284087798,-0.0005));
#2694=CARTESIAN_POINT('',(-0.00486250099539756,-0.0638192476199375,-0.0005));
#2695=CARTESIAN_POINT('',(-0.00486250099539756,-0.0638192476199375,-0.0005));
#2696=CARTESIAN_POINT('',(-0.00201250099539756,-0.0638192476199375,-0.0005));
#2697=CARTESIAN_POINT('',(-0.0173625009953976,-0.0607583284087798,-0.0005));
#2698=CARTESIAN_POINT('',(-0.0537789469943008,-0.0854698827145485,-0.002502));
#2699=CARTESIAN_POINT('',(-0.0537789469943008,-0.0914698827145485,-0.002502));
#2700=CARTESIAN_POINT('',(-0.0537789469943008,-0.0794698827145485,-0.0025));
#2701=CARTESIAN_POINT('',(-0.0490915412778391,-0.0764698827145485,-0.002502));
#2702=CARTESIAN_POINT('',(-0.046487232753819,-0.0764698827145485,-0.002502));
#2703=CARTESIAN_POINT('',(-0.0507789469943008,-0.0764698827145485,0.0025));
#2704=CARTESIAN_POINT('',(-0.0490915412778391,-0.0944698827145485,-0.002502));
#2705=CARTESIAN_POINT('',(-0.046487232753819,-0.0944698827145485,0.0025));
#2706=CARTESIAN_POINT('',(-0.0507789469943008,-0.0944698827145485,-0.002502));
#2707=CARTESIAN_POINT('',(0.014366539287044,-0.0764698827145485,-0.002502));
#2708=CARTESIAN_POINT('',(0.0117622307630238,-0.0764698827145485,-0.002502));
#2709=CARTESIAN_POINT('',(0.0160539450035057,-0.0764698827145485,-0.002502));
#2710=CARTESIAN_POINT('',(0.014366539287044,-0.0944698827145485,-0.002502));
#2711=CARTESIAN_POINT('',(0.0117622307630238,-0.0944698827145485,-0.0025));
#2712=CARTESIAN_POINT('',(0.0160539450035057,-0.0944698827145485,0.0025));
#2713=CARTESIAN_POINT('',(0.0190539450035056,-0.0854698827145485,-0.002502));
#2714=CARTESIAN_POINT('',(0.0190539450035056,-0.0914698827145485,-0.0025));
#2715=CARTESIAN_POINT('',(0.0190539450035056,-0.0794698827145485,-0.002502));
#2716=CARTESIAN_POINT('',(0.0117622307630238,-0.0734698827145485,0.0025));
#2717=CARTESIAN_POINT('',(-0.046487232753819,-0.0734698827145485,0.0025));
#2718=CARTESIAN_POINT('',(0.0117622307630238,-0.0974698827145485,0.0025));
#2719=CARTESIAN_POINT('',(0.0160539450035057,-0.0914698827145485,-0.002502));
#2720=CARTESIAN_POINT('',(0.0160539450035057,-0.0794698827145485,-0.002502));
#2721=CARTESIAN_POINT('',(-0.046487232753819,-0.0974698827145485,0.0025));
#2722=CARTESIAN_POINT('',(-0.0507789469943008,-0.0914698827145485,-0.002502));
#2723=CARTESIAN_POINT('',(-0.0507789469943008,-0.0794698827145485,-0.002502));
#2724=CARTESIAN_POINT('',(-0.0173625009953976,-0.00861857087273552,0.0065));
#2725=CARTESIAN_POINT('',(-0.0173625009953976,-0.00727882491057991,0.0015));
#2726=CARTESIAN_POINT('',(0.0123245245125354,-0.087694855626005,-0.0005));
#2727=CARTESIAN_POINT('',(0.0137745245125355,-0.0868922584762401,-0.0005));
#2728=CARTESIAN_POINT('',(0.0137745245125355,-0.0868922584762401,-0.0005));
#2729=CARTESIAN_POINT('',(0.0123245245125354,-0.087694855626005,-0.0005));
#2730=CARTESIAN_POINT('',(0.0108745245125354,-0.08849745277577,-0.0005));
#2731=CARTESIAN_POINT('',(0.0108745245125354,-0.08849745277577,-0.0005));
#2732=CARTESIAN_POINT('',(0.0152245245125354,-0.087694855626005,-0.0005));
#2733=CARTESIAN_POINT('',(0.0166745245125355,-0.08849745277577,-0.0005));
#2734=CARTESIAN_POINT('',(0.0166745245125355,-0.08849745277577,-0.0005));
#2735=CARTESIAN_POINT('',(0.0152245245125354,-0.087694855626005,-0.0005));
#2736=CARTESIAN_POINT('',(0.0166745245125355,-0.0901565554211001,-0.0005));
#2737=CARTESIAN_POINT('',(0.0166745245125354,-0.0918156580664302,-0.0005));
#2738=CARTESIAN_POINT('',(0.0166745245125354,-0.0918156580664302,-0.0005));
#2739=CARTESIAN_POINT('',(0.0166745245125355,-0.0901565554211001,-0.0005));
#2740=CARTESIAN_POINT('',(0.0152245245125354,-0.0926182552161952,-0.0005));
#2741=CARTESIAN_POINT('',(0.0137745245125354,-0.0934208523659601,-0.0005));
#2742=CARTESIAN_POINT('',(0.0137745245125354,-0.0934208523659601,-0.0005));
#2743=CARTESIAN_POINT('',(0.0152245245125354,-0.0926182552161952,-0.0005));
#2744=CARTESIAN_POINT('',(0.0123245245125354,-0.0926182552161952,-0.0005));
#2745=CARTESIAN_POINT('',(0.0108745245125354,-0.0918156580664302,-0.0005));
#2746=CARTESIAN_POINT('',(0.0108745245125354,-0.0918156580664302,-0.0005));
#2747=CARTESIAN_POINT('',(0.0123245245125354,-0.0926182552161952,-0.0005));
#2748=CARTESIAN_POINT('',(0.0108745245125354,-0.0901565554211001,-0.0005));
#2749=CARTESIAN_POINT('',(0.0108745245125354,-0.0901565554211001,-0.0005));
#2750=CARTESIAN_POINT('',(-0.0173625009953976,-0.0606243538125642,-0.0005));
#2751=CARTESIAN_POINT('',(0.0152245245125354,-0.0783215102129019,-0.0005));
#2752=CARTESIAN_POINT('',(0.0166745245125355,-0.0791241073626668,-0.0005));
#2753=CARTESIAN_POINT('',(0.0166745245125355,-0.0791241073626668,-0.0005));
#2754=CARTESIAN_POINT('',(0.0152245245125354,-0.0783215102129019,-0.0005));
#2755=CARTESIAN_POINT('',(0.0137745245125355,-0.0775189130631369,-0.0005));
#2756=CARTESIAN_POINT('',(0.0137745245125355,-0.0775189130631369,-0.0005));
#2757=CARTESIAN_POINT('',(0.0166745245125355,-0.0807832100079969,-0.0005));
#2758=CARTESIAN_POINT('',(0.0166745245125355,-0.082442312653327,-0.0005));
#2759=CARTESIAN_POINT('',(0.0166745245125355,-0.082442312653327,-0.0005));
#2760=CARTESIAN_POINT('',(0.0166745245125355,-0.0807832100079969,-0.0005));
#2761=CARTESIAN_POINT('',(0.0152245245125354,-0.083244909803092,-0.0005));
#2762=CARTESIAN_POINT('',(0.0137745245125355,-0.0840475069528569,-0.0005));
#2763=CARTESIAN_POINT('',(0.0137745245125355,-0.0840475069528569,-0.0005));
#2764=CARTESIAN_POINT('',(0.0152245245125354,-0.083244909803092,-0.0005));
#2765=CARTESIAN_POINT('',(0.0123245245125355,-0.083244909803092,-0.0005));
#2766=CARTESIAN_POINT('',(0.0108745245125354,-0.082442312653327,-0.0005));
#2767=CARTESIAN_POINT('',(0.0108745245125354,-0.082442312653327,-0.0005));
#2768=CARTESIAN_POINT('',(0.0123245245125355,-0.083244909803092,-0.0005));
#2769=CARTESIAN_POINT('',(0.0108745245125354,-0.0807832100079969,-0.0005));
#2770=CARTESIAN_POINT('',(0.0108745245125354,-0.0791241073626668,-0.0005));
#2771=CARTESIAN_POINT('',(0.0108745245125354,-0.0791241073626668,-0.0005));
#2772=CARTESIAN_POINT('',(0.0108745245125354,-0.0807832100079969,-0.0005));
#2773=CARTESIAN_POINT('',(0.0123245245125355,-0.0783215102129018,-0.0005));
#2774=CARTESIAN_POINT('',(0.0123245245125355,-0.0783215102129018,-0.0005));
#2775=CARTESIAN_POINT('',(-0.0173625009953976,-0.0606243538125642,-0.0005));
#2776=CARTESIAN_POINT('',(-0.0470495265033305,-0.0926182552161952,-0.0005));
#2777=CARTESIAN_POINT('',(-0.0484995265033305,-0.0934208523659601,-0.0005));
#2778=CARTESIAN_POINT('',(-0.0484995265033305,-0.0934208523659601,-0.0005));
#2779=CARTESIAN_POINT('',(-0.0470495265033305,-0.0926182552161952,-0.0005));
#2780=CARTESIAN_POINT('',(-0.0455995265033305,-0.0918156580664302,-0.0005));
#2781=CARTESIAN_POINT('',(-0.0455995265033305,-0.0918156580664302,-0.0005));
#2782=CARTESIAN_POINT('',(-0.0499495265033305,-0.0926182552161952,-0.0005));
#2783=CARTESIAN_POINT('',(-0.0513995265033305,-0.0918156580664302,-0.0005));
#2784=CARTESIAN_POINT('',(-0.0513995265033305,-0.0918156580664302,-0.0005));
#2785=CARTESIAN_POINT('',(-0.0499495265033305,-0.0926182552161952,-0.0005));
#2786=CARTESIAN_POINT('',(-0.0513995265033305,-0.0901565554211001,-0.0005));
#2787=CARTESIAN_POINT('',(-0.0513995265033305,-0.08849745277577,-0.0005));
#2788=CARTESIAN_POINT('',(-0.0513995265033305,-0.08849745277577,-0.0005));
#2789=CARTESIAN_POINT('',(-0.0513995265033305,-0.0901565554211001,-0.0005));
#2790=CARTESIAN_POINT('',(-0.0499495265033306,-0.087694855626005,-0.0005));
#2791=CARTESIAN_POINT('',(-0.0484995265033306,-0.0868922584762401,-0.0005));
#2792=CARTESIAN_POINT('',(-0.0484995265033306,-0.0868922584762401,-0.0005));
#2793=CARTESIAN_POINT('',(-0.0499495265033306,-0.087694855626005,-0.0005));
#2794=CARTESIAN_POINT('',(-0.0470495265033305,-0.087694855626005,-0.0005));
#2795=CARTESIAN_POINT('',(-0.0455995265033305,-0.08849745277577,-0.0005));
#2796=CARTESIAN_POINT('',(-0.0455995265033305,-0.08849745277577,-0.0005));
#2797=CARTESIAN_POINT('',(-0.0470495265033305,-0.087694855626005,-0.0005));
#2798=CARTESIAN_POINT('',(-0.0455995265033305,-0.0901565554211001,-0.0005));
#2799=CARTESIAN_POINT('',(-0.0455995265033305,-0.0901565554211001,-0.0005));
#2800=CARTESIAN_POINT('',(-0.0173625009953976,-0.0606243538125642,-0.0005));
#2801=CARTESIAN_POINT('',(-0.0470495265033306,-0.0783215102129018,-0.0005));
#2802=CARTESIAN_POINT('',(-0.0455995265033306,-0.0791241073626668,-0.0005));
#2803=CARTESIAN_POINT('',(-0.0455995265033306,-0.0791241073626668,-0.0005));
#2804=CARTESIAN_POINT('',(-0.0470495265033306,-0.0783215102129018,-0.0005));
#2805=CARTESIAN_POINT('',(-0.0484995265033306,-0.0775189130631369,-0.0005));
#2806=CARTESIAN_POINT('',(-0.0484995265033306,-0.0775189130631369,-0.0005));
#2807=CARTESIAN_POINT('',(-0.0455995265033306,-0.0807832100079969,-0.0005));
#2808=CARTESIAN_POINT('',(-0.0455995265033306,-0.082442312653327,-0.0005));
#2809=CARTESIAN_POINT('',(-0.0455995265033306,-0.082442312653327,-0.0005));
#2810=CARTESIAN_POINT('',(-0.0455995265033306,-0.0807832100079969,-0.0005));
#2811=CARTESIAN_POINT('',(-0.0470495265033306,-0.083244909803092,-0.0005));
#2812=CARTESIAN_POINT('',(-0.0484995265033306,-0.0840475069528569,-0.0005));
#2813=CARTESIAN_POINT('',(-0.0484995265033306,-0.0840475069528569,-0.0005));
#2814=CARTESIAN_POINT('',(-0.0470495265033306,-0.083244909803092,-0.0005));
#2815=CARTESIAN_POINT('',(-0.0499495265033306,-0.083244909803092,-0.0005));
#2816=CARTESIAN_POINT('',(-0.0513995265033306,-0.082442312653327,-0.0005));
#2817=CARTESIAN_POINT('',(-0.0513995265033306,-0.082442312653327,-0.0005));
#2818=CARTESIAN_POINT('',(-0.0499495265033306,-0.083244909803092,-0.0005));
#2819=CARTESIAN_POINT('',(-0.0513995265033306,-0.0807832100079969,-0.0005));
#2820=CARTESIAN_POINT('',(-0.0513995265033306,-0.0791241073626667,-0.0005));
#2821=CARTESIAN_POINT('',(-0.0513995265033306,-0.0791241073626667,-0.0005));
#2822=CARTESIAN_POINT('',(-0.0513995265033306,-0.0807832100079969,-0.0005));
#2823=CARTESIAN_POINT('',(-0.0499495265033306,-0.0783215102129018,-0.0005));
#2824=CARTESIAN_POINT('',(-0.0499495265033306,-0.0783215102129018,-0.0005));
#2825=CARTESIAN_POINT('',(-0.0173625009953976,-0.0606243538125642,-0.0005));
#2826=CARTESIAN_POINT('',(-0.0338625009953976,0.0242019372029532,0.0208301270189222));
#2827=CARTESIAN_POINT('',(-0.000862500995397565,0.0242019372029533,0.0208301270189222));
#2828=MECHANICAL_DESIGN_GEOMETRIC_PRESENTATION_REPRESENTATION('',(#1669),
#2829);
#2829=(
GEOMETRIC_REPRESENTATION_CONTEXT(3)
GLOBAL_UNCERTAINTY_ASSIGNED_CONTEXT((#2830))
GLOBAL_UNIT_ASSIGNED_CONTEXT((#2833,#2832,#2831))
REPRESENTATION_CONTEXT('PIPER CamMount','TOP_LEVEL_ASSEMBLY_PART')
);
#2830=UNCERTAINTY_MEASURE_WITH_UNIT(LENGTH_MEASURE(1.E-8),#2833,
'DISTANCE_ACCURACY_VALUE','Maximum Tolerance applied to model');
#2831=(
NAMED_UNIT(*)
SI_UNIT($,.STERADIAN.)
SOLID_ANGLE_UNIT()
);
#2832=(
NAMED_UNIT(*)
PLANE_ANGLE_UNIT()
SI_UNIT($,.RADIAN.)
);
#2833=(
LENGTH_UNIT()
NAMED_UNIT(*)
SI_UNIT($,.METRE.)
);
#2834=PRODUCT_DEFINITION_SHAPE('','',#2835);
#2835=PRODUCT_DEFINITION('','',#2837,#2836);
#2836=PRODUCT_DEFINITION_CONTEXT('',#2843,'design');
#2837=PRODUCT_DEFINITION_FORMATION_WITH_SPECIFIED_SOURCE('','',#2839,
 .NOT_KNOWN.);
#2838=PRODUCT_RELATED_PRODUCT_CATEGORY('','',(#2839));
#2839=PRODUCT('PIPER CamMount','PIPER CamMount','PIPER CamMount',(#2841));
#2840=PRODUCT_CATEGORY('','');
#2841=PRODUCT_CONTEXT('',#2843,'mechanical');
#2842=APPLICATION_PROTOCOL_DEFINITION('international standard',
'ap242_managed_model_based_3d_engineering',2011,#2843);
#2843=APPLICATION_CONTEXT('managed model based 3d engineering');
ENDSEC;
END-ISO-10303-21;
