ISO-10303-21;
HEADER;
/* Generated by software containing ST-Developer
 * from STEP Tools, Inc. (www.steptools.com) 
 */
/* OPTION: using custom renumber hook */

FILE_DESCRIPTION(
/* description */ ('STEP AP242',
'CAx-IF Rec.Pracs.---Representation and Presentation of Product Manufa
cturing Information (PMI)---4.0---2014-10-13',
'CAx-IF Rec.Pracs.---3D Tessellated Geometry---0.4---2014-09-14','2;1'),

/* implementation_level */ '2;1');

FILE_NAME(
/* name */ '6881a76dd0e9f459e8f2421a',
/* time_stamp */ '2025-07-24T03:24:29Z',
/* author */ (''),
/* organization */ (''),
/* preprocessor_version */ 'ST-DEVELOPER v20',
/* originating_system */ 'ONSHAPE BY PTC INC, 1.201',
/* authorisation */ '  ');

FILE_SCHEMA (('AP242_MANAGED_MODEL_BASED_3D_ENGINEERING_MIM_LF { 1 0 10303 442 1 1 4 }'));
ENDSEC;

DATA;
#10=SHAPE_REPRESENTATION_RELATIONSHIP('','',#1583,#11);
#11=ADVANCED_BREP_SHAPE_REPRESENTATION('',(#1581),#2663);
#12=LINE('',#2249,#138);
#13=LINE('',#2254,#139);
#14=LINE('',#2256,#140);
#15=LINE('',#2258,#141);
#16=LINE('',#2260,#142);
#17=LINE('',#2262,#143);
#18=LINE('',#2263,#144);
#19=LINE('',#2268,#145);
#20=LINE('',#2270,#146);
#21=LINE('',#2272,#147);
#22=LINE('',#2274,#148);
#23=LINE('',#2276,#149);
#24=LINE('',#2284,#150);
#25=LINE('',#2288,#151);
#26=LINE('',#2292,#152);
#27=LINE('',#2300,#153);
#28=LINE('',#2302,#154);
#29=LINE('',#2304,#155);
#30=LINE('',#2312,#156);
#31=LINE('',#2316,#157);
#32=LINE('',#2320,#158);
#33=LINE('',#2321,#159);
#34=LINE('',#2326,#160);
#35=LINE('',#2328,#161);
#36=LINE('',#2330,#162);
#37=LINE('',#2332,#163);
#38=LINE('',#2334,#164);
#39=LINE('',#2335,#165);
#40=LINE('',#2340,#166);
#41=LINE('',#2342,#167);
#42=LINE('',#2344,#168);
#43=LINE('',#2346,#169);
#44=LINE('',#2348,#170);
#45=LINE('',#2375,#171);
#46=LINE('',#2376,#172);
#47=LINE('',#2378,#173);
#48=LINE('',#2382,#174);
#49=LINE('',#2387,#175);
#50=LINE('',#2390,#176);
#51=LINE('',#2392,#177);
#52=LINE('',#2396,#178);
#53=LINE('',#2398,#179);
#54=LINE('',#2401,#180);
#55=LINE('',#2404,#181);
#56=LINE('',#2406,#182);
#57=LINE('',#2408,#183);
#58=LINE('',#2410,#184);
#59=LINE('',#2413,#185);
#60=LINE('',#2415,#186);
#61=LINE('',#2418,#187);
#62=LINE('',#2420,#188);
#63=LINE('',#2435,#189);
#64=LINE('',#2440,#190);
#65=LINE('',#2442,#191);
#66=LINE('',#2446,#192);
#67=LINE('',#2466,#193);
#68=LINE('',#2469,#194);
#69=LINE('',#2473,#195);
#70=LINE('',#2477,#196);
#71=LINE('',#2482,#197);
#72=LINE('',#2486,#198);
#73=LINE('',#2490,#199);
#74=LINE('',#2493,#200);
#75=LINE('',#2494,#201);
#76=LINE('',#2496,#202);
#77=LINE('',#2497,#203);
#78=LINE('',#2499,#204);
#79=LINE('',#2500,#205);
#80=LINE('',#2502,#206);
#81=LINE('',#2503,#207);
#82=LINE('',#2505,#208);
#83=LINE('',#2506,#209);
#84=LINE('',#2508,#210);
#85=LINE('',#2509,#211);
#86=LINE('',#2521,#212);
#87=LINE('',#2523,#213);
#88=LINE('',#2525,#214);
#89=LINE('',#2527,#215);
#90=LINE('',#2529,#216);
#91=LINE('',#2531,#217);
#92=LINE('',#2533,#218);
#93=LINE('',#2535,#219);
#94=LINE('',#2537,#220);
#95=LINE('',#2539,#221);
#96=LINE('',#2541,#222);
#97=LINE('',#2543,#223);
#98=LINE('',#2545,#224);
#99=LINE('',#2549,#225);
#100=LINE('',#2551,#226);
#101=LINE('',#2553,#227);
#102=LINE('',#2555,#228);
#103=LINE('',#2557,#229);
#104=LINE('',#2559,#230);
#105=LINE('',#2561,#231);
#106=LINE('',#2563,#232);
#107=LINE('',#2565,#233);
#108=LINE('',#2567,#234);
#109=LINE('',#2570,#235);
#110=LINE('',#2571,#236);
#111=LINE('',#2573,#237);
#112=LINE('',#2577,#238);
#113=LINE('',#2579,#239);
#114=LINE('',#2581,#240);
#115=LINE('',#2583,#241);
#116=LINE('',#2585,#242);
#117=LINE('',#2587,#243);
#118=LINE('',#2589,#244);
#119=LINE('',#2591,#245);
#120=LINE('',#2593,#246);
#121=LINE('',#2595,#247);
#122=LINE('',#2597,#248);
#123=LINE('',#2599,#249);
#124=LINE('',#2601,#250);
#125=LINE('',#2605,#251);
#126=LINE('',#2607,#252);
#127=LINE('',#2609,#253);
#128=LINE('',#2611,#254);
#129=LINE('',#2613,#255);
#130=LINE('',#2615,#256);
#131=LINE('',#2617,#257);
#132=LINE('',#2619,#258);
#133=LINE('',#2621,#259);
#134=LINE('',#2623,#260);
#135=LINE('',#2625,#261);
#136=LINE('',#2627,#262);
#137=LINE('',#2629,#263);
#138=VECTOR('',#1793,1.);
#139=VECTOR('',#1796,1.);
#140=VECTOR('',#1797,1.);
#141=VECTOR('',#1798,1.);
#142=VECTOR('',#1799,1.);
#143=VECTOR('',#1800,1.);
#144=VECTOR('',#1801,1.);
#145=VECTOR('',#1804,1.);
#146=VECTOR('',#1805,1.);
#147=VECTOR('',#1806,1.);
#148=VECTOR('',#1807,1.);
#149=VECTOR('',#1808,1.);
#150=VECTOR('',#1815,1.);
#151=VECTOR('',#1818,1.);
#152=VECTOR('',#1821,1.);
#153=VECTOR('',#1828,1.);
#154=VECTOR('',#1829,1.);
#155=VECTOR('',#1830,1.);
#156=VECTOR('',#1837,1.);
#157=VECTOR('',#1840,1.);
#158=VECTOR('',#1843,1.);
#159=VECTOR('',#1844,1.);
#160=VECTOR('',#1847,1.);
#161=VECTOR('',#1848,1.);
#162=VECTOR('',#1849,1.);
#163=VECTOR('',#1850,1.);
#164=VECTOR('',#1851,1.);
#165=VECTOR('',#1852,1.);
#166=VECTOR('',#1855,1.);
#167=VECTOR('',#1856,1.);
#168=VECTOR('',#1857,1.);
#169=VECTOR('',#1858,1.);
#170=VECTOR('',#1859,1.);
#171=VECTOR('',#1890,1.);
#172=VECTOR('',#1891,1.);
#173=VECTOR('',#1894,1.);
#174=VECTOR('',#1897,1.);
#175=VECTOR('',#1904,1.);
#176=VECTOR('',#1905,1.);
#177=VECTOR('',#1906,1.);
#178=VECTOR('',#1909,1.);
#179=VECTOR('',#1910,1.);
#180=VECTOR('',#1915,1.);
#181=VECTOR('',#1916,1.);
#182=VECTOR('',#1917,1.);
#183=VECTOR('',#1918,1.);
#184=VECTOR('',#1921,1.);
#185=VECTOR('',#1922,1.);
#186=VECTOR('',#1923,1.);
#187=VECTOR('',#1926,1.);
#188=VECTOR('',#1927,1.);
#189=VECTOR('',#1946,1.);
#190=VECTOR('',#1955,1.);
#191=VECTOR('',#1958,1.);
#192=VECTOR('',#1963,1.);
#193=VECTOR('',#1986,1.);
#194=VECTOR('',#1989,1.);
#195=VECTOR('',#1992,1.);
#196=VECTOR('',#1995,1.);
#197=VECTOR('',#2000,1.);
#198=VECTOR('',#2003,1.);
#199=VECTOR('',#2006,1.);
#200=VECTOR('',#2011,1.);
#201=VECTOR('',#2012,1.);
#202=VECTOR('',#2015,1.);
#203=VECTOR('',#2016,1.);
#204=VECTOR('',#2019,1.);
#205=VECTOR('',#2020,1.);
#206=VECTOR('',#2023,1.);
#207=VECTOR('',#2024,1.);
#208=VECTOR('',#2027,1.);
#209=VECTOR('',#2028,1.);
#210=VECTOR('',#2031,1.);
#211=VECTOR('',#2032,1.);
#212=VECTOR('',#2055,1.);
#213=VECTOR('',#2056,1.);
#214=VECTOR('',#2057,1.);
#215=VECTOR('',#2060,1.);
#216=VECTOR('',#2061,1.);
#217=VECTOR('',#2064,1.);
#218=VECTOR('',#2065,1.);
#219=VECTOR('',#2068,1.);
#220=VECTOR('',#2069,1.);
#221=VECTOR('',#2072,1.);
#222=VECTOR('',#2073,1.);
#223=VECTOR('',#2076,1.);
#224=VECTOR('',#2077,1.);
#225=VECTOR('',#2084,1.);
#226=VECTOR('',#2085,1.);
#227=VECTOR('',#2086,1.);
#228=VECTOR('',#2089,1.);
#229=VECTOR('',#2090,1.);
#230=VECTOR('',#2093,1.);
#231=VECTOR('',#2094,1.);
#232=VECTOR('',#2097,1.);
#233=VECTOR('',#2098,1.);
#234=VECTOR('',#2101,1.);
#235=VECTOR('',#2102,1.);
#236=VECTOR('',#2103,1.);
#237=VECTOR('',#2106,1.);
#238=VECTOR('',#2113,1.);
#239=VECTOR('',#2114,1.);
#240=VECTOR('',#2115,1.);
#241=VECTOR('',#2118,1.);
#242=VECTOR('',#2119,1.);
#243=VECTOR('',#2122,1.);
#244=VECTOR('',#2123,1.);
#245=VECTOR('',#2126,1.);
#246=VECTOR('',#2127,1.);
#247=VECTOR('',#2130,1.);
#248=VECTOR('',#2131,1.);
#249=VECTOR('',#2134,1.);
#250=VECTOR('',#2135,1.);
#251=VECTOR('',#2142,1.);
#252=VECTOR('',#2143,1.);
#253=VECTOR('',#2144,1.);
#254=VECTOR('',#2147,1.);
#255=VECTOR('',#2148,1.);
#256=VECTOR('',#2151,1.);
#257=VECTOR('',#2152,1.);
#258=VECTOR('',#2153,1.);
#259=VECTOR('',#2156,1.);
#260=VECTOR('',#2157,1.);
#261=VECTOR('',#2160,1.);
#262=VECTOR('',#2161,1.);
#263=VECTOR('',#2164,1.);
#264=PLANE('',#1603);
#265=PLANE('',#1640);
#266=PLANE('',#1643);
#267=PLANE('',#1644);
#268=PLANE('',#1653);
#269=PLANE('',#1656);
#270=PLANE('',#1665);
#271=PLANE('',#1680);
#272=PLANE('',#1681);
#273=PLANE('',#1682);
#274=PLANE('',#1683);
#275=PLANE('',#1684);
#276=PLANE('',#1685);
#277=PLANE('',#1686);
#278=PLANE('',#1697);
#279=PLANE('',#1698);
#280=PLANE('',#1699);
#281=PLANE('',#1700);
#282=PLANE('',#1701);
#283=PLANE('',#1702);
#284=PLANE('',#1703);
#285=PLANE('',#1705);
#286=PLANE('',#1706);
#287=PLANE('',#1707);
#288=PLANE('',#1708);
#289=PLANE('',#1709);
#290=PLANE('',#1710);
#291=PLANE('',#1711);
#292=PLANE('',#1713);
#293=PLANE('',#1714);
#294=PLANE('',#1715);
#295=PLANE('',#1716);
#296=PLANE('',#1717);
#297=PLANE('',#1718);
#298=PLANE('',#1719);
#299=PLANE('',#1721);
#300=PLANE('',#1722);
#301=PLANE('',#1723);
#302=PLANE('',#1724);
#303=PLANE('',#1725);
#304=PLANE('',#1726);
#305=PLANE('',#1727);
#306=PLANE('',#1737);
#307=PLANE('',#1740);
#308=PLANE('',#1743);
#309=PLANE('',#1746);
#310=PLANE('',#1749);
#311=PLANE('',#1752);
#312=ORIENTED_EDGE('',*,*,#724,.F.);
#313=ORIENTED_EDGE('',*,*,#725,.T.);
#314=ORIENTED_EDGE('',*,*,#726,.F.);
#315=ORIENTED_EDGE('',*,*,#727,.T.);
#316=ORIENTED_EDGE('',*,*,#728,.F.);
#317=ORIENTED_EDGE('',*,*,#729,.T.);
#318=ORIENTED_EDGE('',*,*,#730,.F.);
#319=ORIENTED_EDGE('',*,*,#731,.T.);
#320=ORIENTED_EDGE('',*,*,#732,.F.);
#321=ORIENTED_EDGE('',*,*,#733,.T.);
#322=ORIENTED_EDGE('',*,*,#734,.F.);
#323=ORIENTED_EDGE('',*,*,#735,.T.);
#324=ORIENTED_EDGE('',*,*,#734,.T.);
#325=ORIENTED_EDGE('',*,*,#732,.T.);
#326=ORIENTED_EDGE('',*,*,#730,.T.);
#327=ORIENTED_EDGE('',*,*,#728,.T.);
#328=ORIENTED_EDGE('',*,*,#726,.T.);
#329=ORIENTED_EDGE('',*,*,#724,.T.);
#330=ORIENTED_EDGE('',*,*,#736,.F.);
#331=ORIENTED_EDGE('',*,*,#737,.T.);
#332=ORIENTED_EDGE('',*,*,#738,.F.);
#333=ORIENTED_EDGE('',*,*,#739,.F.);
#334=ORIENTED_EDGE('',*,*,#740,.F.);
#335=ORIENTED_EDGE('',*,*,#741,.F.);
#336=ORIENTED_EDGE('',*,*,#742,.F.);
#337=ORIENTED_EDGE('',*,*,#743,.F.);
#338=ORIENTED_EDGE('',*,*,#744,.T.);
#339=ORIENTED_EDGE('',*,*,#745,.F.);
#340=ORIENTED_EDGE('',*,*,#746,.F.);
#341=ORIENTED_EDGE('',*,*,#747,.F.);
#342=ORIENTED_EDGE('',*,*,#748,.F.);
#343=ORIENTED_EDGE('',*,*,#749,.F.);
#344=ORIENTED_EDGE('',*,*,#750,.T.);
#345=ORIENTED_EDGE('',*,*,#751,.F.);
#346=ORIENTED_EDGE('',*,*,#752,.T.);
#347=ORIENTED_EDGE('',*,*,#753,.F.);
#348=ORIENTED_EDGE('',*,*,#754,.T.);
#349=ORIENTED_EDGE('',*,*,#755,.F.);
#350=ORIENTED_EDGE('',*,*,#756,.T.);
#351=ORIENTED_EDGE('',*,*,#757,.T.);
#352=ORIENTED_EDGE('',*,*,#758,.T.);
#353=ORIENTED_EDGE('',*,*,#759,.F.);
#354=ORIENTED_EDGE('',*,*,#760,.T.);
#355=ORIENTED_EDGE('',*,*,#761,.F.);
#356=ORIENTED_EDGE('',*,*,#762,.T.);
#357=ORIENTED_EDGE('',*,*,#763,.T.);
#358=ORIENTED_EDGE('',*,*,#764,.T.);
#359=ORIENTED_EDGE('',*,*,#765,.F.);
#360=ORIENTED_EDGE('',*,*,#766,.T.);
#361=ORIENTED_EDGE('',*,*,#767,.T.);
#362=ORIENTED_EDGE('',*,*,#768,.T.);
#363=ORIENTED_EDGE('',*,*,#769,.T.);
#364=ORIENTED_EDGE('',*,*,#770,.T.);
#365=ORIENTED_EDGE('',*,*,#771,.F.);
#366=ORIENTED_EDGE('',*,*,#772,.T.);
#367=ORIENTED_EDGE('',*,*,#773,.T.);
#368=ORIENTED_EDGE('',*,*,#774,.T.);
#369=ORIENTED_EDGE('',*,*,#775,.T.);
#370=ORIENTED_EDGE('',*,*,#776,.T.);
#371=ORIENTED_EDGE('',*,*,#777,.T.);
#372=ORIENTED_EDGE('',*,*,#778,.T.);
#373=ORIENTED_EDGE('',*,*,#779,.T.);
#374=ORIENTED_EDGE('',*,*,#780,.T.);
#375=ORIENTED_EDGE('',*,*,#781,.T.);
#376=ORIENTED_EDGE('',*,*,#782,.T.);
#377=ORIENTED_EDGE('',*,*,#783,.T.);
#378=ORIENTED_EDGE('',*,*,#784,.T.);
#379=ORIENTED_EDGE('',*,*,#785,.T.);
#380=ORIENTED_EDGE('',*,*,#786,.T.);
#381=ORIENTED_EDGE('',*,*,#787,.T.);
#382=ORIENTED_EDGE('',*,*,#788,.T.);
#383=ORIENTED_EDGE('',*,*,#789,.T.);
#384=ORIENTED_EDGE('',*,*,#790,.T.);
#385=ORIENTED_EDGE('',*,*,#791,.T.);
#386=ORIENTED_EDGE('',*,*,#792,.T.);
#387=ORIENTED_EDGE('',*,*,#793,.T.);
#388=ORIENTED_EDGE('',*,*,#794,.T.);
#389=ORIENTED_EDGE('',*,*,#795,.F.);
#390=ORIENTED_EDGE('',*,*,#796,.T.);
#391=ORIENTED_EDGE('',*,*,#765,.T.);
#392=ORIENTED_EDGE('',*,*,#797,.F.);
#393=ORIENTED_EDGE('',*,*,#751,.T.);
#394=ORIENTED_EDGE('',*,*,#798,.T.);
#395=ORIENTED_EDGE('',*,*,#799,.F.);
#396=ORIENTED_EDGE('',*,*,#800,.T.);
#397=ORIENTED_EDGE('',*,*,#801,.T.);
#398=ORIENTED_EDGE('',*,*,#786,.F.);
#399=ORIENTED_EDGE('',*,*,#802,.F.);
#400=ORIENTED_EDGE('',*,*,#803,.T.);
#401=ORIENTED_EDGE('',*,*,#804,.T.);
#402=ORIENTED_EDGE('',*,*,#805,.T.);
#403=ORIENTED_EDGE('',*,*,#806,.T.);
#404=ORIENTED_EDGE('',*,*,#807,.T.);
#405=ORIENTED_EDGE('',*,*,#763,.F.);
#406=ORIENTED_EDGE('',*,*,#808,.T.);
#407=ORIENTED_EDGE('',*,*,#809,.F.);
#408=ORIENTED_EDGE('',*,*,#810,.T.);
#409=ORIENTED_EDGE('',*,*,#811,.T.);
#410=ORIENTED_EDGE('',*,*,#812,.T.);
#411=ORIENTED_EDGE('',*,*,#813,.F.);
#412=ORIENTED_EDGE('',*,*,#814,.T.);
#413=ORIENTED_EDGE('',*,*,#815,.T.);
#414=ORIENTED_EDGE('',*,*,#816,.T.);
#415=ORIENTED_EDGE('',*,*,#761,.T.);
#416=ORIENTED_EDGE('',*,*,#817,.F.);
#417=ORIENTED_EDGE('',*,*,#818,.F.);
#418=ORIENTED_EDGE('',*,*,#819,.T.);
#419=ORIENTED_EDGE('',*,*,#820,.T.);
#420=ORIENTED_EDGE('',*,*,#821,.F.);
#421=ORIENTED_EDGE('',*,*,#822,.T.);
#422=ORIENTED_EDGE('',*,*,#823,.F.);
#423=ORIENTED_EDGE('',*,*,#811,.F.);
#424=ORIENTED_EDGE('',*,*,#824,.T.);
#425=ORIENTED_EDGE('',*,*,#813,.T.);
#426=ORIENTED_EDGE('',*,*,#825,.T.);
#427=ORIENTED_EDGE('',*,*,#804,.F.);
#428=ORIENTED_EDGE('',*,*,#826,.T.);
#429=ORIENTED_EDGE('',*,*,#820,.F.);
#430=ORIENTED_EDGE('',*,*,#822,.F.);
#431=ORIENTED_EDGE('',*,*,#815,.F.);
#432=ORIENTED_EDGE('',*,*,#827,.T.);
#433=ORIENTED_EDGE('',*,*,#809,.T.);
#434=ORIENTED_EDGE('',*,*,#828,.T.);
#435=ORIENTED_EDGE('',*,*,#802,.T.);
#436=ORIENTED_EDGE('',*,*,#829,.T.);
#437=ORIENTED_EDGE('',*,*,#821,.T.);
#438=ORIENTED_EDGE('',*,*,#823,.T.);
#439=ORIENTED_EDGE('',*,*,#760,.F.);
#440=ORIENTED_EDGE('',*,*,#830,.F.);
#441=ORIENTED_EDGE('',*,*,#831,.T.);
#442=ORIENTED_EDGE('',*,*,#817,.T.);
#443=ORIENTED_EDGE('',*,*,#759,.T.);
#444=ORIENTED_EDGE('',*,*,#832,.T.);
#445=ORIENTED_EDGE('',*,*,#833,.F.);
#446=ORIENTED_EDGE('',*,*,#830,.T.);
#447=ORIENTED_EDGE('',*,*,#764,.F.);
#448=ORIENTED_EDGE('',*,*,#807,.F.);
#449=ORIENTED_EDGE('',*,*,#834,.T.);
#450=ORIENTED_EDGE('',*,*,#797,.T.);
#451=ORIENTED_EDGE('',*,*,#835,.F.);
#452=ORIENTED_EDGE('',*,*,#836,.F.);
#453=ORIENTED_EDGE('',*,*,#837,.F.);
#454=ORIENTED_EDGE('',*,*,#838,.F.);
#455=ORIENTED_EDGE('',*,*,#839,.F.);
#456=ORIENTED_EDGE('',*,*,#840,.F.);
#457=ORIENTED_EDGE('',*,*,#841,.T.);
#458=ORIENTED_EDGE('',*,*,#795,.T.);
#459=ORIENTED_EDGE('',*,*,#834,.F.);
#460=ORIENTED_EDGE('',*,*,#806,.F.);
#461=ORIENTED_EDGE('',*,*,#842,.T.);
#462=ORIENTED_EDGE('',*,*,#818,.T.);
#463=ORIENTED_EDGE('',*,*,#831,.F.);
#464=ORIENTED_EDGE('',*,*,#833,.T.);
#465=ORIENTED_EDGE('',*,*,#843,.T.);
#466=ORIENTED_EDGE('',*,*,#844,.T.);
#467=ORIENTED_EDGE('',*,*,#845,.T.);
#468=ORIENTED_EDGE('',*,*,#846,.F.);
#469=ORIENTED_EDGE('',*,*,#847,.T.);
#470=ORIENTED_EDGE('',*,*,#848,.F.);
#471=ORIENTED_EDGE('',*,*,#849,.T.);
#472=ORIENTED_EDGE('',*,*,#799,.T.);
#473=ORIENTED_EDGE('',*,*,#850,.T.);
#474=ORIENTED_EDGE('',*,*,#851,.F.);
#475=ORIENTED_EDGE('',*,*,#852,.T.);
#476=ORIENTED_EDGE('',*,*,#853,.T.);
#477=ORIENTED_EDGE('',*,*,#854,.T.);
#478=ORIENTED_EDGE('',*,*,#855,.T.);
#479=ORIENTED_EDGE('',*,*,#793,.F.);
#480=ORIENTED_EDGE('',*,*,#791,.F.);
#481=ORIENTED_EDGE('',*,*,#787,.F.);
#482=ORIENTED_EDGE('',*,*,#789,.F.);
#483=ORIENTED_EDGE('',*,*,#801,.F.);
#484=ORIENTED_EDGE('',*,*,#755,.T.);
#485=ORIENTED_EDGE('',*,*,#856,.T.);
#486=ORIENTED_EDGE('',*,*,#846,.T.);
#487=ORIENTED_EDGE('',*,*,#857,.T.);
#488=ORIENTED_EDGE('',*,*,#844,.F.);
#489=ORIENTED_EDGE('',*,*,#858,.T.);
#490=ORIENTED_EDGE('',*,*,#757,.F.);
#491=ORIENTED_EDGE('',*,*,#859,.T.);
#492=ORIENTED_EDGE('',*,*,#753,.T.);
#493=ORIENTED_EDGE('',*,*,#860,.T.);
#494=ORIENTED_EDGE('',*,*,#848,.T.);
#495=ORIENTED_EDGE('',*,*,#861,.T.);
#496=ORIENTED_EDGE('',*,*,#767,.F.);
#497=ORIENTED_EDGE('',*,*,#862,.T.);
#498=ORIENTED_EDGE('',*,*,#855,.F.);
#499=ORIENTED_EDGE('',*,*,#863,.T.);
#500=ORIENTED_EDGE('',*,*,#851,.T.);
#501=ORIENTED_EDGE('',*,*,#864,.T.);
#502=ORIENTED_EDGE('',*,*,#771,.T.);
#503=ORIENTED_EDGE('',*,*,#865,.T.);
#504=ORIENTED_EDGE('',*,*,#853,.F.);
#505=ORIENTED_EDGE('',*,*,#866,.T.);
#506=ORIENTED_EDGE('',*,*,#769,.F.);
#507=ORIENTED_EDGE('',*,*,#867,.T.);
#508=ORIENTED_EDGE('',*,*,#766,.F.);
#509=ORIENTED_EDGE('',*,*,#796,.F.);
#510=ORIENTED_EDGE('',*,*,#841,.F.);
#511=ORIENTED_EDGE('',*,*,#862,.F.);
#512=ORIENTED_EDGE('',*,*,#758,.F.);
#513=ORIENTED_EDGE('',*,*,#858,.F.);
#514=ORIENTED_EDGE('',*,*,#843,.F.);
#515=ORIENTED_EDGE('',*,*,#832,.F.);
#516=ORIENTED_EDGE('',*,*,#750,.F.);
#517=ORIENTED_EDGE('',*,*,#864,.F.);
#518=ORIENTED_EDGE('',*,*,#850,.F.);
#519=ORIENTED_EDGE('',*,*,#798,.F.);
#520=ORIENTED_EDGE('',*,*,#770,.F.);
#521=ORIENTED_EDGE('',*,*,#866,.F.);
#522=ORIENTED_EDGE('',*,*,#852,.F.);
#523=ORIENTED_EDGE('',*,*,#865,.F.);
#524=ORIENTED_EDGE('',*,*,#768,.F.);
#525=ORIENTED_EDGE('',*,*,#863,.F.);
#526=ORIENTED_EDGE('',*,*,#854,.F.);
#527=ORIENTED_EDGE('',*,*,#867,.F.);
#528=ORIENTED_EDGE('',*,*,#752,.F.);
#529=ORIENTED_EDGE('',*,*,#800,.F.);
#530=ORIENTED_EDGE('',*,*,#849,.F.);
#531=ORIENTED_EDGE('',*,*,#860,.F.);
#532=ORIENTED_EDGE('',*,*,#754,.F.);
#533=ORIENTED_EDGE('',*,*,#861,.F.);
#534=ORIENTED_EDGE('',*,*,#847,.F.);
#535=ORIENTED_EDGE('',*,*,#856,.F.);
#536=ORIENTED_EDGE('',*,*,#756,.F.);
#537=ORIENTED_EDGE('',*,*,#857,.F.);
#538=ORIENTED_EDGE('',*,*,#845,.F.);
#539=ORIENTED_EDGE('',*,*,#859,.F.);
#540=ORIENTED_EDGE('',*,*,#805,.F.);
#541=ORIENTED_EDGE('',*,*,#825,.F.);
#542=ORIENTED_EDGE('',*,*,#819,.F.);
#543=ORIENTED_EDGE('',*,*,#842,.F.);
#544=ORIENTED_EDGE('',*,*,#816,.F.);
#545=ORIENTED_EDGE('',*,*,#829,.F.);
#546=ORIENTED_EDGE('',*,*,#808,.F.);
#547=ORIENTED_EDGE('',*,*,#762,.F.);
#548=ORIENTED_EDGE('',*,*,#868,.F.);
#549=ORIENTED_EDGE('',*,*,#779,.F.);
#550=ORIENTED_EDGE('',*,*,#869,.F.);
#551=ORIENTED_EDGE('',*,*,#870,.T.);
#552=ORIENTED_EDGE('',*,*,#785,.F.);
#553=ORIENTED_EDGE('',*,*,#871,.F.);
#554=ORIENTED_EDGE('',*,*,#872,.T.);
#555=ORIENTED_EDGE('',*,*,#869,.T.);
#556=ORIENTED_EDGE('',*,*,#784,.F.);
#557=ORIENTED_EDGE('',*,*,#873,.F.);
#558=ORIENTED_EDGE('',*,*,#874,.T.);
#559=ORIENTED_EDGE('',*,*,#871,.T.);
#560=ORIENTED_EDGE('',*,*,#783,.F.);
#561=ORIENTED_EDGE('',*,*,#875,.F.);
#562=ORIENTED_EDGE('',*,*,#876,.T.);
#563=ORIENTED_EDGE('',*,*,#873,.T.);
#564=ORIENTED_EDGE('',*,*,#782,.F.);
#565=ORIENTED_EDGE('',*,*,#877,.F.);
#566=ORIENTED_EDGE('',*,*,#878,.T.);
#567=ORIENTED_EDGE('',*,*,#875,.T.);
#568=ORIENTED_EDGE('',*,*,#879,.F.);
#569=ORIENTED_EDGE('',*,*,#880,.T.);
#570=ORIENTED_EDGE('',*,*,#877,.T.);
#571=ORIENTED_EDGE('',*,*,#781,.F.);
#572=ORIENTED_EDGE('',*,*,#881,.F.);
#573=ORIENTED_EDGE('',*,*,#870,.F.);
#574=ORIENTED_EDGE('',*,*,#872,.F.);
#575=ORIENTED_EDGE('',*,*,#874,.F.);
#576=ORIENTED_EDGE('',*,*,#876,.F.);
#577=ORIENTED_EDGE('',*,*,#878,.F.);
#578=ORIENTED_EDGE('',*,*,#880,.F.);
#579=ORIENTED_EDGE('',*,*,#794,.F.);
#580=ORIENTED_EDGE('',*,*,#741,.T.);
#581=ORIENTED_EDGE('',*,*,#882,.F.);
#582=ORIENTED_EDGE('',*,*,#883,.F.);
#583=ORIENTED_EDGE('',*,*,#884,.T.);
#584=ORIENTED_EDGE('',*,*,#740,.T.);
#585=ORIENTED_EDGE('',*,*,#885,.F.);
#586=ORIENTED_EDGE('',*,*,#886,.F.);
#587=ORIENTED_EDGE('',*,*,#882,.T.);
#588=ORIENTED_EDGE('',*,*,#739,.T.);
#589=ORIENTED_EDGE('',*,*,#887,.F.);
#590=ORIENTED_EDGE('',*,*,#888,.F.);
#591=ORIENTED_EDGE('',*,*,#885,.T.);
#592=ORIENTED_EDGE('',*,*,#738,.T.);
#593=ORIENTED_EDGE('',*,*,#889,.T.);
#594=ORIENTED_EDGE('',*,*,#890,.F.);
#595=ORIENTED_EDGE('',*,*,#887,.T.);
#596=ORIENTED_EDGE('',*,*,#891,.F.);
#597=ORIENTED_EDGE('',*,*,#892,.T.);
#598=ORIENTED_EDGE('',*,*,#736,.T.);
#599=ORIENTED_EDGE('',*,*,#893,.F.);
#600=ORIENTED_EDGE('',*,*,#742,.T.);
#601=ORIENTED_EDGE('',*,*,#884,.F.);
#602=ORIENTED_EDGE('',*,*,#894,.F.);
#603=ORIENTED_EDGE('',*,*,#893,.T.);
#604=ORIENTED_EDGE('',*,*,#895,.F.);
#605=ORIENTED_EDGE('',*,*,#891,.T.);
#606=ORIENTED_EDGE('',*,*,#894,.T.);
#607=ORIENTED_EDGE('',*,*,#883,.T.);
#608=ORIENTED_EDGE('',*,*,#886,.T.);
#609=ORIENTED_EDGE('',*,*,#888,.T.);
#610=ORIENTED_EDGE('',*,*,#890,.T.);
#611=ORIENTED_EDGE('',*,*,#792,.F.);
#612=ORIENTED_EDGE('',*,*,#749,.T.);
#613=ORIENTED_EDGE('',*,*,#896,.F.);
#614=ORIENTED_EDGE('',*,*,#897,.F.);
#615=ORIENTED_EDGE('',*,*,#898,.T.);
#616=ORIENTED_EDGE('',*,*,#748,.T.);
#617=ORIENTED_EDGE('',*,*,#899,.F.);
#618=ORIENTED_EDGE('',*,*,#900,.F.);
#619=ORIENTED_EDGE('',*,*,#896,.T.);
#620=ORIENTED_EDGE('',*,*,#747,.T.);
#621=ORIENTED_EDGE('',*,*,#901,.F.);
#622=ORIENTED_EDGE('',*,*,#902,.F.);
#623=ORIENTED_EDGE('',*,*,#899,.T.);
#624=ORIENTED_EDGE('',*,*,#746,.T.);
#625=ORIENTED_EDGE('',*,*,#903,.F.);
#626=ORIENTED_EDGE('',*,*,#904,.F.);
#627=ORIENTED_EDGE('',*,*,#901,.T.);
#628=ORIENTED_EDGE('',*,*,#745,.T.);
#629=ORIENTED_EDGE('',*,*,#905,.T.);
#630=ORIENTED_EDGE('',*,*,#906,.F.);
#631=ORIENTED_EDGE('',*,*,#903,.T.);
#632=ORIENTED_EDGE('',*,*,#907,.F.);
#633=ORIENTED_EDGE('',*,*,#908,.T.);
#634=ORIENTED_EDGE('',*,*,#743,.T.);
#635=ORIENTED_EDGE('',*,*,#898,.F.);
#636=ORIENTED_EDGE('',*,*,#909,.F.);
#637=ORIENTED_EDGE('',*,*,#907,.T.);
#638=ORIENTED_EDGE('',*,*,#897,.T.);
#639=ORIENTED_EDGE('',*,*,#900,.T.);
#640=ORIENTED_EDGE('',*,*,#902,.T.);
#641=ORIENTED_EDGE('',*,*,#904,.T.);
#642=ORIENTED_EDGE('',*,*,#906,.T.);
#643=ORIENTED_EDGE('',*,*,#790,.F.);
#644=ORIENTED_EDGE('',*,*,#775,.F.);
#645=ORIENTED_EDGE('',*,*,#910,.F.);
#646=ORIENTED_EDGE('',*,*,#911,.T.);
#647=ORIENTED_EDGE('',*,*,#912,.T.);
#648=ORIENTED_EDGE('',*,*,#913,.F.);
#649=ORIENTED_EDGE('',*,*,#914,.T.);
#650=ORIENTED_EDGE('',*,*,#910,.T.);
#651=ORIENTED_EDGE('',*,*,#774,.F.);
#652=ORIENTED_EDGE('',*,*,#915,.F.);
#653=ORIENTED_EDGE('',*,*,#772,.F.);
#654=ORIENTED_EDGE('',*,*,#916,.F.);
#655=ORIENTED_EDGE('',*,*,#917,.T.);
#656=ORIENTED_EDGE('',*,*,#778,.F.);
#657=ORIENTED_EDGE('',*,*,#918,.F.);
#658=ORIENTED_EDGE('',*,*,#919,.T.);
#659=ORIENTED_EDGE('',*,*,#916,.T.);
#660=ORIENTED_EDGE('',*,*,#777,.F.);
#661=ORIENTED_EDGE('',*,*,#920,.F.);
#662=ORIENTED_EDGE('',*,*,#921,.T.);
#663=ORIENTED_EDGE('',*,*,#918,.T.);
#664=ORIENTED_EDGE('',*,*,#776,.F.);
#665=ORIENTED_EDGE('',*,*,#912,.F.);
#666=ORIENTED_EDGE('',*,*,#922,.T.);
#667=ORIENTED_EDGE('',*,*,#920,.T.);
#668=ORIENTED_EDGE('',*,*,#923,.F.);
#669=ORIENTED_EDGE('',*,*,#917,.F.);
#670=ORIENTED_EDGE('',*,*,#919,.F.);
#671=ORIENTED_EDGE('',*,*,#921,.F.);
#672=ORIENTED_EDGE('',*,*,#922,.F.);
#673=ORIENTED_EDGE('',*,*,#911,.F.);
#674=ORIENTED_EDGE('',*,*,#914,.F.);
#675=ORIENTED_EDGE('',*,*,#788,.F.);
#676=ORIENTED_EDGE('',*,*,#824,.F.);
#677=ORIENTED_EDGE('',*,*,#810,.F.);
#678=ORIENTED_EDGE('',*,*,#827,.F.);
#679=ORIENTED_EDGE('',*,*,#814,.F.);
#680=ORIENTED_EDGE('',*,*,#826,.F.);
#681=ORIENTED_EDGE('',*,*,#803,.F.);
#682=ORIENTED_EDGE('',*,*,#828,.F.);
#683=ORIENTED_EDGE('',*,*,#812,.F.);
#684=ORIENTED_EDGE('',*,*,#923,.T.);
#685=ORIENTED_EDGE('',*,*,#913,.T.);
#686=ORIENTED_EDGE('',*,*,#773,.F.);
#687=ORIENTED_EDGE('',*,*,#915,.T.);
#688=ORIENTED_EDGE('',*,*,#905,.F.);
#689=ORIENTED_EDGE('',*,*,#744,.F.);
#690=ORIENTED_EDGE('',*,*,#908,.F.);
#691=ORIENTED_EDGE('',*,*,#909,.T.);
#692=ORIENTED_EDGE('',*,*,#889,.F.);
#693=ORIENTED_EDGE('',*,*,#737,.F.);
#694=ORIENTED_EDGE('',*,*,#892,.F.);
#695=ORIENTED_EDGE('',*,*,#895,.T.);
#696=ORIENTED_EDGE('',*,*,#780,.F.);
#697=ORIENTED_EDGE('',*,*,#868,.T.);
#698=ORIENTED_EDGE('',*,*,#881,.T.);
#699=ORIENTED_EDGE('',*,*,#879,.T.);
#700=ORIENTED_EDGE('',*,*,#924,.F.);
#701=ORIENTED_EDGE('',*,*,#839,.T.);
#702=ORIENTED_EDGE('',*,*,#735,.F.);
#703=ORIENTED_EDGE('',*,*,#924,.T.);
#704=ORIENTED_EDGE('',*,*,#925,.F.);
#705=ORIENTED_EDGE('',*,*,#840,.T.);
#706=ORIENTED_EDGE('',*,*,#733,.F.);
#707=ORIENTED_EDGE('',*,*,#925,.T.);
#708=ORIENTED_EDGE('',*,*,#926,.F.);
#709=ORIENTED_EDGE('',*,*,#835,.T.);
#710=ORIENTED_EDGE('',*,*,#731,.F.);
#711=ORIENTED_EDGE('',*,*,#926,.T.);
#712=ORIENTED_EDGE('',*,*,#927,.F.);
#713=ORIENTED_EDGE('',*,*,#836,.T.);
#714=ORIENTED_EDGE('',*,*,#729,.F.);
#715=ORIENTED_EDGE('',*,*,#927,.T.);
#716=ORIENTED_EDGE('',*,*,#928,.F.);
#717=ORIENTED_EDGE('',*,*,#838,.T.);
#718=ORIENTED_EDGE('',*,*,#727,.F.);
#719=ORIENTED_EDGE('',*,*,#928,.T.);
#720=ORIENTED_EDGE('',*,*,#929,.F.);
#721=ORIENTED_EDGE('',*,*,#837,.T.);
#722=ORIENTED_EDGE('',*,*,#725,.F.);
#723=ORIENTED_EDGE('',*,*,#929,.T.);
#724=EDGE_CURVE('',#930,#930,#1080,.T.);
#725=EDGE_CURVE('',#931,#931,#1081,.T.);
#726=EDGE_CURVE('',#932,#932,#1082,.T.);
#727=EDGE_CURVE('',#933,#933,#1083,.T.);
#728=EDGE_CURVE('',#934,#934,#1084,.T.);
#729=EDGE_CURVE('',#935,#935,#1085,.T.);
#730=EDGE_CURVE('',#936,#936,#1086,.T.);
#731=EDGE_CURVE('',#937,#937,#1087,.T.);
#732=EDGE_CURVE('',#938,#938,#1088,.T.);
#733=EDGE_CURVE('',#939,#939,#1089,.T.);
#734=EDGE_CURVE('',#940,#940,#1090,.T.);
#735=EDGE_CURVE('',#941,#941,#1091,.T.);
#736=EDGE_CURVE('',#942,#943,#12,.T.);
#737=EDGE_CURVE('',#942,#944,#1092,.F.);
#738=EDGE_CURVE('',#945,#944,#13,.T.);
#739=EDGE_CURVE('',#946,#945,#14,.T.);
#740=EDGE_CURVE('',#947,#946,#15,.T.);
#741=EDGE_CURVE('',#948,#947,#16,.T.);
#742=EDGE_CURVE('',#943,#948,#17,.T.);
#743=EDGE_CURVE('',#949,#950,#18,.T.);
#744=EDGE_CURVE('',#949,#951,#1093,.F.);
#745=EDGE_CURVE('',#952,#951,#19,.T.);
#746=EDGE_CURVE('',#953,#952,#20,.T.);
#747=EDGE_CURVE('',#954,#953,#21,.T.);
#748=EDGE_CURVE('',#955,#954,#22,.T.);
#749=EDGE_CURVE('',#950,#955,#23,.T.);
#750=EDGE_CURVE('',#956,#957,#1094,.T.);
#751=EDGE_CURVE('',#958,#957,#1095,.T.);
#752=EDGE_CURVE('',#958,#959,#1096,.T.);
#753=EDGE_CURVE('',#960,#959,#24,.T.);
#754=EDGE_CURVE('',#960,#961,#1097,.F.);
#755=EDGE_CURVE('',#962,#961,#25,.T.);
#756=EDGE_CURVE('',#962,#963,#1098,.F.);
#757=EDGE_CURVE('',#963,#964,#26,.T.);
#758=EDGE_CURVE('',#964,#965,#1099,.T.);
#759=EDGE_CURVE('',#966,#965,#1100,.T.);
#760=EDGE_CURVE('',#966,#967,#1101,.T.);
#761=EDGE_CURVE('',#968,#967,#27,.T.);
#762=EDGE_CURVE('',#968,#969,#28,.T.);
#763=EDGE_CURVE('',#969,#970,#29,.T.);
#764=EDGE_CURVE('',#970,#971,#1102,.T.);
#765=EDGE_CURVE('',#972,#971,#1103,.T.);
#766=EDGE_CURVE('',#972,#973,#1104,.T.);
#767=EDGE_CURVE('',#973,#974,#30,.T.);
#768=EDGE_CURVE('',#974,#975,#1105,.F.);
#769=EDGE_CURVE('',#975,#976,#31,.T.);
#770=EDGE_CURVE('',#976,#977,#1106,.F.);
#771=EDGE_CURVE('',#956,#977,#32,.T.);
#772=EDGE_CURVE('',#978,#979,#33,.T.);
#773=EDGE_CURVE('',#979,#980,#1107,.F.);
#774=EDGE_CURVE('',#980,#981,#34,.T.);
#775=EDGE_CURVE('',#981,#982,#35,.T.);
#776=EDGE_CURVE('',#982,#983,#36,.T.);
#777=EDGE_CURVE('',#983,#984,#37,.T.);
#778=EDGE_CURVE('',#984,#978,#38,.T.);
#779=EDGE_CURVE('',#985,#986,#39,.T.);
#780=EDGE_CURVE('',#986,#987,#1108,.F.);
#781=EDGE_CURVE('',#987,#988,#40,.T.);
#782=EDGE_CURVE('',#988,#989,#41,.T.);
#783=EDGE_CURVE('',#989,#990,#42,.T.);
#784=EDGE_CURVE('',#990,#991,#43,.T.);
#785=EDGE_CURVE('',#991,#985,#44,.T.);
#786=EDGE_CURVE('',#992,#992,#1109,.T.);
#787=EDGE_CURVE('',#993,#993,#1110,.T.);
#788=EDGE_CURVE('',#994,#994,#1111,.F.);
#789=EDGE_CURVE('',#995,#995,#1112,.T.);
#790=EDGE_CURVE('',#996,#996,#1113,.F.);
#791=EDGE_CURVE('',#997,#997,#1114,.T.);
#792=EDGE_CURVE('',#998,#998,#1115,.F.);
#793=EDGE_CURVE('',#999,#999,#1116,.T.);
#794=EDGE_CURVE('',#1000,#1000,#1117,.F.);
#795=EDGE_CURVE('',#1001,#1002,#1118,.T.);
#796=EDGE_CURVE('',#1001,#972,#45,.T.);
#797=EDGE_CURVE('',#1002,#971,#46,.T.);
#798=EDGE_CURVE('',#957,#1003,#47,.F.);
#799=EDGE_CURVE('',#1004,#1003,#1119,.T.);
#800=EDGE_CURVE('',#1004,#958,#48,.T.);
#801=EDGE_CURVE('',#1005,#1005,#1120,.T.);
#802=EDGE_CURVE('',#1006,#1007,#49,.T.);
#803=EDGE_CURVE('',#1006,#1008,#50,.F.);
#804=EDGE_CURVE('',#1008,#1009,#51,.T.);
#805=EDGE_CURVE('',#1009,#1010,#1121,.F.);
#806=EDGE_CURVE('',#1010,#1011,#52,.T.);
#807=EDGE_CURVE('',#1011,#970,#53,.T.);
#808=EDGE_CURVE('',#969,#1007,#1122,.T.);
#809=EDGE_CURVE('',#1012,#1013,#54,.T.);
#810=EDGE_CURVE('',#1012,#1014,#55,.F.);
#811=EDGE_CURVE('',#1014,#1015,#56,.T.);
#812=EDGE_CURVE('',#1015,#1013,#57,.T.);
#813=EDGE_CURVE('',#1016,#1017,#58,.T.);
#814=EDGE_CURVE('',#1016,#1018,#59,.T.);
#815=EDGE_CURVE('',#1018,#1019,#60,.T.);
#816=EDGE_CURVE('',#1019,#968,#1123,.F.);
#817=EDGE_CURVE('',#1020,#967,#61,.T.);
#818=EDGE_CURVE('',#1021,#1020,#62,.T.);
#819=EDGE_CURVE('',#1021,#1017,#1124,.T.);
#820=EDGE_CURVE('',#1022,#1022,#1125,.T.);
#821=EDGE_CURVE('',#1023,#1023,#1126,.T.);
#822=EDGE_CURVE('',#1024,#1024,#1127,.T.);
#823=EDGE_CURVE('',#1025,#1025,#1128,.T.);
#824=EDGE_CURVE('',#1014,#1016,#1129,.T.);
#825=EDGE_CURVE('',#1017,#1009,#63,.F.);
#826=EDGE_CURVE('',#1008,#1015,#1130,.T.);
#827=EDGE_CURVE('',#1018,#1012,#1131,.F.);
#828=EDGE_CURVE('',#1013,#1006,#1132,.F.);
#829=EDGE_CURVE('',#1007,#1019,#64,.F.);
#830=EDGE_CURVE('',#1026,#966,#65,.T.);
#831=EDGE_CURVE('',#1026,#1020,#1133,.T.);
#832=EDGE_CURVE('',#965,#1027,#66,.F.);
#833=EDGE_CURVE('',#1026,#1027,#1134,.T.);
#834=EDGE_CURVE('',#1011,#1002,#1135,.T.);
#835=EDGE_CURVE('',#1028,#1028,#1136,.T.);
#836=EDGE_CURVE('',#1029,#1029,#1137,.T.);
#837=EDGE_CURVE('',#1030,#1030,#1138,.T.);
#838=EDGE_CURVE('',#1031,#1031,#1139,.T.);
#839=EDGE_CURVE('',#1032,#1032,#1140,.T.);
#840=EDGE_CURVE('',#1033,#1033,#1141,.T.);
#841=EDGE_CURVE('',#1034,#1001,#1142,.F.);
#842=EDGE_CURVE('',#1010,#1021,#67,.T.);
#843=EDGE_CURVE('',#1027,#1035,#1143,.F.);
#844=EDGE_CURVE('',#1035,#1036,#68,.T.);
#845=EDGE_CURVE('',#1036,#1037,#1144,.T.);
#846=EDGE_CURVE('',#1038,#1037,#69,.T.);
#847=EDGE_CURVE('',#1038,#1039,#1145,.T.);
#848=EDGE_CURVE('',#1040,#1039,#70,.T.);
#849=EDGE_CURVE('',#1040,#1004,#1146,.F.);
#850=EDGE_CURVE('',#1003,#1041,#1147,.F.);
#851=EDGE_CURVE('',#1042,#1041,#71,.T.);
#852=EDGE_CURVE('',#1042,#1043,#1148,.T.);
#853=EDGE_CURVE('',#1043,#1044,#72,.T.);
#854=EDGE_CURVE('',#1044,#1045,#1149,.T.);
#855=EDGE_CURVE('',#1045,#1034,#73,.T.);
#856=EDGE_CURVE('',#961,#1038,#74,.T.);
#857=EDGE_CURVE('',#1037,#962,#75,.F.);
#858=EDGE_CURVE('',#1035,#964,#76,.T.);
#859=EDGE_CURVE('',#963,#1036,#77,.T.);
#860=EDGE_CURVE('',#959,#1040,#78,.T.);
#861=EDGE_CURVE('',#1039,#960,#79,.F.);
#862=EDGE_CURVE('',#973,#1034,#80,.F.);
#863=EDGE_CURVE('',#1045,#974,#81,.F.);
#864=EDGE_CURVE('',#1041,#956,#82,.F.);
#865=EDGE_CURVE('',#977,#1042,#83,.T.);
#866=EDGE_CURVE('',#1043,#976,#84,.F.);
#867=EDGE_CURVE('',#975,#1044,#85,.T.);
#868=EDGE_CURVE('',#986,#1046,#86,.T.);
#869=EDGE_CURVE('',#1047,#985,#87,.T.);
#870=EDGE_CURVE('',#1047,#1046,#88,.T.);
#871=EDGE_CURVE('',#1048,#991,#89,.T.);
#872=EDGE_CURVE('',#1048,#1047,#90,.T.);
#873=EDGE_CURVE('',#1049,#990,#91,.T.);
#874=EDGE_CURVE('',#1049,#1048,#92,.T.);
#875=EDGE_CURVE('',#1050,#989,#93,.T.);
#876=EDGE_CURVE('',#1050,#1049,#94,.T.);
#877=EDGE_CURVE('',#1051,#988,#95,.T.);
#878=EDGE_CURVE('',#1051,#1050,#96,.T.);
#879=EDGE_CURVE('',#1052,#987,#97,.F.);
#880=EDGE_CURVE('',#1052,#1051,#98,.T.);
#881=EDGE_CURVE('',#1046,#1052,#1150,.T.);
#882=EDGE_CURVE('',#1053,#947,#99,.T.);
#883=EDGE_CURVE('',#1054,#1053,#100,.T.);
#884=EDGE_CURVE('',#1054,#948,#101,.T.);
#885=EDGE_CURVE('',#1055,#946,#102,.T.);
#886=EDGE_CURVE('',#1053,#1055,#103,.T.);
#887=EDGE_CURVE('',#1056,#945,#104,.T.);
#888=EDGE_CURVE('',#1055,#1056,#105,.T.);
#889=EDGE_CURVE('',#944,#1057,#106,.T.);
#890=EDGE_CURVE('',#1056,#1057,#107,.T.);
#891=EDGE_CURVE('',#1058,#1059,#108,.T.);
#892=EDGE_CURVE('',#1058,#942,#109,.F.);
#893=EDGE_CURVE('',#1059,#943,#110,.T.);
#894=EDGE_CURVE('',#1059,#1054,#111,.T.);
#895=EDGE_CURVE('',#1058,#1057,#1151,.T.);
#896=EDGE_CURVE('',#1060,#955,#112,.T.);
#897=EDGE_CURVE('',#1061,#1060,#113,.T.);
#898=EDGE_CURVE('',#1061,#950,#114,.T.);
#899=EDGE_CURVE('',#1062,#954,#115,.T.);
#900=EDGE_CURVE('',#1060,#1062,#116,.T.);
#901=EDGE_CURVE('',#1063,#953,#117,.T.);
#902=EDGE_CURVE('',#1062,#1063,#118,.T.);
#903=EDGE_CURVE('',#1064,#952,#119,.T.);
#904=EDGE_CURVE('',#1063,#1064,#120,.T.);
#905=EDGE_CURVE('',#951,#1065,#121,.T.);
#906=EDGE_CURVE('',#1064,#1065,#122,.T.);
#907=EDGE_CURVE('',#1066,#1061,#123,.T.);
#908=EDGE_CURVE('',#1066,#949,#124,.F.);
#909=EDGE_CURVE('',#1066,#1065,#1152,.T.);
#910=EDGE_CURVE('',#1067,#981,#125,.T.);
#911=EDGE_CURVE('',#1067,#1068,#126,.T.);
#912=EDGE_CURVE('',#1068,#982,#127,.T.);
#913=EDGE_CURVE('',#1069,#980,#128,.F.);
#914=EDGE_CURVE('',#1069,#1067,#129,.T.);
#915=EDGE_CURVE('',#979,#1070,#130,.T.);
#916=EDGE_CURVE('',#1071,#978,#131,.T.);
#917=EDGE_CURVE('',#1071,#1070,#132,.T.);
#918=EDGE_CURVE('',#1072,#984,#133,.T.);
#919=EDGE_CURVE('',#1072,#1071,#134,.T.);
#920=EDGE_CURVE('',#1073,#983,#135,.T.);
#921=EDGE_CURVE('',#1073,#1072,#136,.T.);
#922=EDGE_CURVE('',#1068,#1073,#137,.T.);
#923=EDGE_CURVE('',#1070,#1069,#1153,.T.);
#924=EDGE_CURVE('',#1074,#1074,#1154,.T.);
#925=EDGE_CURVE('',#1075,#1075,#1155,.T.);
#926=EDGE_CURVE('',#1076,#1076,#1156,.T.);
#927=EDGE_CURVE('',#1077,#1077,#1157,.T.);
#928=EDGE_CURVE('',#1078,#1078,#1158,.T.);
#929=EDGE_CURVE('',#1079,#1079,#1159,.T.);
#930=VERTEX_POINT('',#2220);
#931=VERTEX_POINT('',#2222);
#932=VERTEX_POINT('',#2225);
#933=VERTEX_POINT('',#2227);
#934=VERTEX_POINT('',#2230);
#935=VERTEX_POINT('',#2232);
#936=VERTEX_POINT('',#2235);
#937=VERTEX_POINT('',#2237);
#938=VERTEX_POINT('',#2240);
#939=VERTEX_POINT('',#2242);
#940=VERTEX_POINT('',#2245);
#941=VERTEX_POINT('',#2247);
#942=VERTEX_POINT('',#2250);
#943=VERTEX_POINT('',#2251);
#944=VERTEX_POINT('',#2253);
#945=VERTEX_POINT('',#2255);
#946=VERTEX_POINT('',#2257);
#947=VERTEX_POINT('',#2259);
#948=VERTEX_POINT('',#2261);
#949=VERTEX_POINT('',#2264);
#950=VERTEX_POINT('',#2265);
#951=VERTEX_POINT('',#2267);
#952=VERTEX_POINT('',#2269);
#953=VERTEX_POINT('',#2271);
#954=VERTEX_POINT('',#2273);
#955=VERTEX_POINT('',#2275);
#956=VERTEX_POINT('',#2278);
#957=VERTEX_POINT('',#2279);
#958=VERTEX_POINT('',#2281);
#959=VERTEX_POINT('',#2283);
#960=VERTEX_POINT('',#2285);
#961=VERTEX_POINT('',#2287);
#962=VERTEX_POINT('',#2289);
#963=VERTEX_POINT('',#2291);
#964=VERTEX_POINT('',#2293);
#965=VERTEX_POINT('',#2295);
#966=VERTEX_POINT('',#2297);
#967=VERTEX_POINT('',#2299);
#968=VERTEX_POINT('',#2301);
#969=VERTEX_POINT('',#2303);
#970=VERTEX_POINT('',#2305);
#971=VERTEX_POINT('',#2307);
#972=VERTEX_POINT('',#2309);
#973=VERTEX_POINT('',#2311);
#974=VERTEX_POINT('',#2313);
#975=VERTEX_POINT('',#2315);
#976=VERTEX_POINT('',#2317);
#977=VERTEX_POINT('',#2319);
#978=VERTEX_POINT('',#2322);
#979=VERTEX_POINT('',#2323);
#980=VERTEX_POINT('',#2325);
#981=VERTEX_POINT('',#2327);
#982=VERTEX_POINT('',#2329);
#983=VERTEX_POINT('',#2331);
#984=VERTEX_POINT('',#2333);
#985=VERTEX_POINT('',#2336);
#986=VERTEX_POINT('',#2337);
#987=VERTEX_POINT('',#2339);
#988=VERTEX_POINT('',#2341);
#989=VERTEX_POINT('',#2343);
#990=VERTEX_POINT('',#2345);
#991=VERTEX_POINT('',#2347);
#992=VERTEX_POINT('',#2350);
#993=VERTEX_POINT('',#2353);
#994=VERTEX_POINT('',#2355);
#995=VERTEX_POINT('',#2358);
#996=VERTEX_POINT('',#2360);
#997=VERTEX_POINT('',#2363);
#998=VERTEX_POINT('',#2365);
#999=VERTEX_POINT('',#2368);
#1000=VERTEX_POINT('',#2370);
#1001=VERTEX_POINT('',#2373);
#1002=VERTEX_POINT('',#2374);
#1003=VERTEX_POINT('',#2379);
#1004=VERTEX_POINT('',#2381);
#1005=VERTEX_POINT('',#2385);
#1006=VERTEX_POINT('',#2388);
#1007=VERTEX_POINT('',#2389);
#1008=VERTEX_POINT('',#2391);
#1009=VERTEX_POINT('',#2393);
#1010=VERTEX_POINT('',#2395);
#1011=VERTEX_POINT('',#2397);
#1012=VERTEX_POINT('',#2402);
#1013=VERTEX_POINT('',#2403);
#1014=VERTEX_POINT('',#2405);
#1015=VERTEX_POINT('',#2407);
#1016=VERTEX_POINT('',#2411);
#1017=VERTEX_POINT('',#2412);
#1018=VERTEX_POINT('',#2414);
#1019=VERTEX_POINT('',#2416);
#1020=VERTEX_POINT('',#2419);
#1021=VERTEX_POINT('',#2421);
#1022=VERTEX_POINT('',#2425);
#1023=VERTEX_POINT('',#2427);
#1024=VERTEX_POINT('',#2430);
#1025=VERTEX_POINT('',#2432);
#1026=VERTEX_POINT('',#2443);
#1027=VERTEX_POINT('',#2447);
#1028=VERTEX_POINT('',#2453);
#1029=VERTEX_POINT('',#2455);
#1030=VERTEX_POINT('',#2457);
#1031=VERTEX_POINT('',#2459);
#1032=VERTEX_POINT('',#2461);
#1033=VERTEX_POINT('',#2463);
#1034=VERTEX_POINT('',#2465);
#1035=VERTEX_POINT('',#2468);
#1036=VERTEX_POINT('',#2470);
#1037=VERTEX_POINT('',#2472);
#1038=VERTEX_POINT('',#2474);
#1039=VERTEX_POINT('',#2476);
#1040=VERTEX_POINT('',#2478);
#1041=VERTEX_POINT('',#2481);
#1042=VERTEX_POINT('',#2483);
#1043=VERTEX_POINT('',#2485);
#1044=VERTEX_POINT('',#2487);
#1045=VERTEX_POINT('',#2489);
#1046=VERTEX_POINT('',#2522);
#1047=VERTEX_POINT('',#2524);
#1048=VERTEX_POINT('',#2528);
#1049=VERTEX_POINT('',#2532);
#1050=VERTEX_POINT('',#2536);
#1051=VERTEX_POINT('',#2540);
#1052=VERTEX_POINT('',#2544);
#1053=VERTEX_POINT('',#2550);
#1054=VERTEX_POINT('',#2552);
#1055=VERTEX_POINT('',#2556);
#1056=VERTEX_POINT('',#2560);
#1057=VERTEX_POINT('',#2564);
#1058=VERTEX_POINT('',#2568);
#1059=VERTEX_POINT('',#2569);
#1060=VERTEX_POINT('',#2578);
#1061=VERTEX_POINT('',#2580);
#1062=VERTEX_POINT('',#2584);
#1063=VERTEX_POINT('',#2588);
#1064=VERTEX_POINT('',#2592);
#1065=VERTEX_POINT('',#2596);
#1066=VERTEX_POINT('',#2600);
#1067=VERTEX_POINT('',#2606);
#1068=VERTEX_POINT('',#2608);
#1069=VERTEX_POINT('',#2612);
#1070=VERTEX_POINT('',#2616);
#1071=VERTEX_POINT('',#2618);
#1072=VERTEX_POINT('',#2622);
#1073=VERTEX_POINT('',#2626);
#1074=VERTEX_POINT('',#2640);
#1075=VERTEX_POINT('',#2644);
#1076=VERTEX_POINT('',#2648);
#1077=VERTEX_POINT('',#2652);
#1078=VERTEX_POINT('',#2656);
#1079=VERTEX_POINT('',#2660);
#1080=CIRCLE('',#1586,0.00165);
#1081=CIRCLE('',#1587,0.00165);
#1082=CIRCLE('',#1589,0.00165);
#1083=CIRCLE('',#1590,0.00165);
#1084=CIRCLE('',#1592,0.00165);
#1085=CIRCLE('',#1593,0.00165);
#1086=CIRCLE('',#1595,0.00165);
#1087=CIRCLE('',#1596,0.00165);
#1088=CIRCLE('',#1598,0.00165);
#1089=CIRCLE('',#1599,0.00165);
#1090=CIRCLE('',#1601,0.00165);
#1091=CIRCLE('',#1602,0.00165);
#1092=CIRCLE('',#1604,0.0285);
#1093=CIRCLE('',#1605,0.0285);
#1094=CIRCLE('',#1606,0.003);
#1095=CIRCLE('',#1607,0.0285);
#1096=CIRCLE('',#1608,0.003);
#1097=CIRCLE('',#1609,0.003);
#1098=CIRCLE('',#1610,0.003);
#1099=CIRCLE('',#1611,0.003);
#1100=CIRCLE('',#1612,0.0285);
#1101=CIRCLE('',#1613,0.0472923593670052);
#1102=CIRCLE('',#1614,0.0472923593670053);
#1103=CIRCLE('',#1615,0.0285);
#1104=CIRCLE('',#1616,0.003);
#1105=CIRCLE('',#1617,0.003);
#1106=CIRCLE('',#1618,0.003);
#1107=CIRCLE('',#1619,0.0285);
#1108=CIRCLE('',#1620,0.0285);
#1109=CIRCLE('',#1621,0.0175);
#1110=CIRCLE('',#1623,0.0016);
#1111=CIRCLE('',#1624,0.0016);
#1112=CIRCLE('',#1626,0.0016);
#1113=CIRCLE('',#1627,0.0016);
#1114=CIRCLE('',#1629,0.0016);
#1115=CIRCLE('',#1630,0.0016);
#1116=CIRCLE('',#1632,0.0016);
#1117=CIRCLE('',#1633,0.0016);
#1118=CIRCLE('',#1635,0.0285);
#1119=CIRCLE('',#1637,0.0285);
#1120=CIRCLE('',#1639,0.0175);
#1121=CIRCLE('',#1641,0.004);
#1122=CIRCLE('',#1642,0.004);
#1123=CIRCLE('',#1645,0.004);
#1124=CIRCLE('',#1646,0.004);
#1125=CIRCLE('',#1648,0.0016);
#1126=CIRCLE('',#1649,0.0016);
#1127=CIRCLE('',#1651,0.0016);
#1128=CIRCLE('',#1652,0.0016);
#1129=CIRCLE('',#1654,0.005);
#1130=CIRCLE('',#1655,0.005);
#1131=CIRCLE('',#1657,0.005);
#1132=CIRCLE('',#1658,0.005);
#1133=CIRCLE('',#1660,0.0472923593670052);
#1134=CIRCLE('',#1662,0.0285);
#1135=CIRCLE('',#1664,0.0472923593670053);
#1136=CIRCLE('',#1666,0.002875);
#1137=CIRCLE('',#1667,0.002875);
#1138=CIRCLE('',#1668,0.002875);
#1139=CIRCLE('',#1669,0.002875);
#1140=CIRCLE('',#1670,0.002875);
#1141=CIRCLE('',#1671,0.002875);
#1142=CIRCLE('',#1672,0.003);
#1143=CIRCLE('',#1673,0.003);
#1144=CIRCLE('',#1674,0.003);
#1145=CIRCLE('',#1675,0.003);
#1146=CIRCLE('',#1676,0.003);
#1147=CIRCLE('',#1677,0.003);
#1148=CIRCLE('',#1678,0.003);
#1149=CIRCLE('',#1679,0.003);
#1150=CIRCLE('',#1704,0.0285);
#1151=CIRCLE('',#1712,0.0285);
#1152=CIRCLE('',#1720,0.0285);
#1153=CIRCLE('',#1728,0.0285);
#1154=CIRCLE('',#1736,0.002875);
#1155=CIRCLE('',#1739,0.002875);
#1156=CIRCLE('',#1742,0.002875);
#1157=CIRCLE('',#1745,0.002875);
#1158=CIRCLE('',#1748,0.002875);
#1159=CIRCLE('',#1751,0.002875);
#1160=EDGE_LOOP('',(#312));
#1161=EDGE_LOOP('',(#313));
#1162=EDGE_LOOP('',(#314));
#1163=EDGE_LOOP('',(#315));
#1164=EDGE_LOOP('',(#316));
#1165=EDGE_LOOP('',(#317));
#1166=EDGE_LOOP('',(#318));
#1167=EDGE_LOOP('',(#319));
#1168=EDGE_LOOP('',(#320));
#1169=EDGE_LOOP('',(#321));
#1170=EDGE_LOOP('',(#322));
#1171=EDGE_LOOP('',(#323));
#1172=EDGE_LOOP('',(#324));
#1173=EDGE_LOOP('',(#325));
#1174=EDGE_LOOP('',(#326));
#1175=EDGE_LOOP('',(#327));
#1176=EDGE_LOOP('',(#328));
#1177=EDGE_LOOP('',(#329));
#1178=EDGE_LOOP('',(#330,#331,#332,#333,#334,#335,#336));
#1179=EDGE_LOOP('',(#337,#338,#339,#340,#341,#342,#343));
#1180=EDGE_LOOP('',(#344,#345,#346,#347,#348,#349,#350,#351,#352,#353,#354,
#355,#356,#357,#358,#359,#360,#361,#362,#363,#364,#365));
#1181=EDGE_LOOP('',(#366,#367,#368,#369,#370,#371,#372));
#1182=EDGE_LOOP('',(#373,#374,#375,#376,#377,#378,#379));
#1183=EDGE_LOOP('',(#380));
#1184=EDGE_LOOP('',(#381));
#1185=EDGE_LOOP('',(#382));
#1186=EDGE_LOOP('',(#383));
#1187=EDGE_LOOP('',(#384));
#1188=EDGE_LOOP('',(#385));
#1189=EDGE_LOOP('',(#386));
#1190=EDGE_LOOP('',(#387));
#1191=EDGE_LOOP('',(#388));
#1192=EDGE_LOOP('',(#389,#390,#391,#392));
#1193=EDGE_LOOP('',(#393,#394,#395,#396));
#1194=EDGE_LOOP('',(#397));
#1195=EDGE_LOOP('',(#398));
#1196=EDGE_LOOP('',(#399,#400,#401,#402,#403,#404,#405,#406));
#1197=EDGE_LOOP('',(#407,#408,#409,#410));
#1198=EDGE_LOOP('',(#411,#412,#413,#414,#415,#416,#417,#418));
#1199=EDGE_LOOP('',(#419));
#1200=EDGE_LOOP('',(#420));
#1201=EDGE_LOOP('',(#421));
#1202=EDGE_LOOP('',(#422));
#1203=EDGE_LOOP('',(#423,#424,#425,#426,#427,#428));
#1204=EDGE_LOOP('',(#429));
#1205=EDGE_LOOP('',(#430));
#1206=EDGE_LOOP('',(#431,#432,#433,#434,#435,#436));
#1207=EDGE_LOOP('',(#437));
#1208=EDGE_LOOP('',(#438));
#1209=EDGE_LOOP('',(#439,#440,#441,#442));
#1210=EDGE_LOOP('',(#443,#444,#445,#446));
#1211=EDGE_LOOP('',(#447,#448,#449,#450));
#1212=EDGE_LOOP('',(#451));
#1213=EDGE_LOOP('',(#452));
#1214=EDGE_LOOP('',(#453));
#1215=EDGE_LOOP('',(#454));
#1216=EDGE_LOOP('',(#455));
#1217=EDGE_LOOP('',(#456));
#1218=EDGE_LOOP('',(#457,#458,#459,#460,#461,#462,#463,#464,#465,#466,#467,
#468,#469,#470,#471,#472,#473,#474,#475,#476,#477,#478));
#1219=EDGE_LOOP('',(#479));
#1220=EDGE_LOOP('',(#480));
#1221=EDGE_LOOP('',(#481));
#1222=EDGE_LOOP('',(#482));
#1223=EDGE_LOOP('',(#483));
#1224=EDGE_LOOP('',(#484,#485,#486,#487));
#1225=EDGE_LOOP('',(#488,#489,#490,#491));
#1226=EDGE_LOOP('',(#492,#493,#494,#495));
#1227=EDGE_LOOP('',(#496,#497,#498,#499));
#1228=EDGE_LOOP('',(#500,#501,#502,#503));
#1229=EDGE_LOOP('',(#504,#505,#506,#507));
#1230=EDGE_LOOP('',(#508,#509,#510,#511));
#1231=EDGE_LOOP('',(#512,#513,#514,#515));
#1232=EDGE_LOOP('',(#516,#517,#518,#519));
#1233=EDGE_LOOP('',(#520,#521,#522,#523));
#1234=EDGE_LOOP('',(#524,#525,#526,#527));
#1235=EDGE_LOOP('',(#528,#529,#530,#531));
#1236=EDGE_LOOP('',(#532,#533,#534,#535));
#1237=EDGE_LOOP('',(#536,#537,#538,#539));
#1238=EDGE_LOOP('',(#540,#541,#542,#543));
#1239=EDGE_LOOP('',(#544,#545,#546,#547));
#1240=EDGE_LOOP('',(#548,#549,#550,#551));
#1241=EDGE_LOOP('',(#552,#553,#554,#555));
#1242=EDGE_LOOP('',(#556,#557,#558,#559));
#1243=EDGE_LOOP('',(#560,#561,#562,#563));
#1244=EDGE_LOOP('',(#564,#565,#566,#567));
#1245=EDGE_LOOP('',(#568,#569,#570,#571));
#1246=EDGE_LOOP('',(#572,#573,#574,#575,#576,#577,#578));
#1247=EDGE_LOOP('',(#579));
#1248=EDGE_LOOP('',(#580,#581,#582,#583));
#1249=EDGE_LOOP('',(#584,#585,#586,#587));
#1250=EDGE_LOOP('',(#588,#589,#590,#591));
#1251=EDGE_LOOP('',(#592,#593,#594,#595));
#1252=EDGE_LOOP('',(#596,#597,#598,#599));
#1253=EDGE_LOOP('',(#600,#601,#602,#603));
#1254=EDGE_LOOP('',(#604,#605,#606,#607,#608,#609,#610));
#1255=EDGE_LOOP('',(#611));
#1256=EDGE_LOOP('',(#612,#613,#614,#615));
#1257=EDGE_LOOP('',(#616,#617,#618,#619));
#1258=EDGE_LOOP('',(#620,#621,#622,#623));
#1259=EDGE_LOOP('',(#624,#625,#626,#627));
#1260=EDGE_LOOP('',(#628,#629,#630,#631));
#1261=EDGE_LOOP('',(#632,#633,#634,#635));
#1262=EDGE_LOOP('',(#636,#637,#638,#639,#640,#641,#642));
#1263=EDGE_LOOP('',(#643));
#1264=EDGE_LOOP('',(#644,#645,#646,#647));
#1265=EDGE_LOOP('',(#648,#649,#650,#651));
#1266=EDGE_LOOP('',(#652,#653,#654,#655));
#1267=EDGE_LOOP('',(#656,#657,#658,#659));
#1268=EDGE_LOOP('',(#660,#661,#662,#663));
#1269=EDGE_LOOP('',(#664,#665,#666,#667));
#1270=EDGE_LOOP('',(#668,#669,#670,#671,#672,#673,#674));
#1271=EDGE_LOOP('',(#675));
#1272=EDGE_LOOP('',(#676,#677,#678,#679));
#1273=EDGE_LOOP('',(#680,#681,#682,#683));
#1274=EDGE_LOOP('',(#684,#685,#686,#687));
#1275=EDGE_LOOP('',(#688,#689,#690,#691));
#1276=EDGE_LOOP('',(#692,#693,#694,#695));
#1277=EDGE_LOOP('',(#696,#697,#698,#699));
#1278=EDGE_LOOP('',(#700));
#1279=EDGE_LOOP('',(#701));
#1280=EDGE_LOOP('',(#702));
#1281=EDGE_LOOP('',(#703));
#1282=EDGE_LOOP('',(#704));
#1283=EDGE_LOOP('',(#705));
#1284=EDGE_LOOP('',(#706));
#1285=EDGE_LOOP('',(#707));
#1286=EDGE_LOOP('',(#708));
#1287=EDGE_LOOP('',(#709));
#1288=EDGE_LOOP('',(#710));
#1289=EDGE_LOOP('',(#711));
#1290=EDGE_LOOP('',(#712));
#1291=EDGE_LOOP('',(#713));
#1292=EDGE_LOOP('',(#714));
#1293=EDGE_LOOP('',(#715));
#1294=EDGE_LOOP('',(#716));
#1295=EDGE_LOOP('',(#717));
#1296=EDGE_LOOP('',(#718));
#1297=EDGE_LOOP('',(#719));
#1298=EDGE_LOOP('',(#720));
#1299=EDGE_LOOP('',(#721));
#1300=EDGE_LOOP('',(#722));
#1301=EDGE_LOOP('',(#723));
#1302=FACE_BOUND('',#1160,.T.);
#1303=FACE_BOUND('',#1161,.T.);
#1304=FACE_BOUND('',#1162,.T.);
#1305=FACE_BOUND('',#1163,.T.);
#1306=FACE_BOUND('',#1164,.T.);
#1307=FACE_BOUND('',#1165,.T.);
#1308=FACE_BOUND('',#1166,.T.);
#1309=FACE_BOUND('',#1167,.T.);
#1310=FACE_BOUND('',#1168,.T.);
#1311=FACE_BOUND('',#1169,.T.);
#1312=FACE_BOUND('',#1170,.T.);
#1313=FACE_BOUND('',#1171,.T.);
#1314=FACE_BOUND('',#1172,.T.);
#1315=FACE_BOUND('',#1173,.T.);
#1316=FACE_BOUND('',#1174,.T.);
#1317=FACE_BOUND('',#1175,.T.);
#1318=FACE_BOUND('',#1176,.T.);
#1319=FACE_BOUND('',#1177,.T.);
#1320=FACE_BOUND('',#1178,.T.);
#1321=FACE_BOUND('',#1179,.T.);
#1322=FACE_BOUND('',#1180,.T.);
#1323=FACE_BOUND('',#1181,.T.);
#1324=FACE_BOUND('',#1182,.T.);
#1325=FACE_BOUND('',#1183,.T.);
#1326=FACE_BOUND('',#1184,.T.);
#1327=FACE_BOUND('',#1185,.T.);
#1328=FACE_BOUND('',#1186,.T.);
#1329=FACE_BOUND('',#1187,.T.);
#1330=FACE_BOUND('',#1188,.T.);
#1331=FACE_BOUND('',#1189,.T.);
#1332=FACE_BOUND('',#1190,.T.);
#1333=FACE_BOUND('',#1191,.T.);
#1334=FACE_BOUND('',#1192,.T.);
#1335=FACE_BOUND('',#1193,.T.);
#1336=FACE_BOUND('',#1194,.T.);
#1337=FACE_BOUND('',#1195,.T.);
#1338=FACE_BOUND('',#1196,.T.);
#1339=FACE_BOUND('',#1197,.T.);
#1340=FACE_BOUND('',#1198,.T.);
#1341=FACE_BOUND('',#1199,.T.);
#1342=FACE_BOUND('',#1200,.T.);
#1343=FACE_BOUND('',#1201,.T.);
#1344=FACE_BOUND('',#1202,.T.);
#1345=FACE_BOUND('',#1203,.T.);
#1346=FACE_BOUND('',#1204,.T.);
#1347=FACE_BOUND('',#1205,.T.);
#1348=FACE_BOUND('',#1206,.T.);
#1349=FACE_BOUND('',#1207,.T.);
#1350=FACE_BOUND('',#1208,.T.);
#1351=FACE_BOUND('',#1209,.T.);
#1352=FACE_BOUND('',#1210,.T.);
#1353=FACE_BOUND('',#1211,.T.);
#1354=FACE_BOUND('',#1212,.T.);
#1355=FACE_BOUND('',#1213,.T.);
#1356=FACE_BOUND('',#1214,.T.);
#1357=FACE_BOUND('',#1215,.T.);
#1358=FACE_BOUND('',#1216,.T.);
#1359=FACE_BOUND('',#1217,.T.);
#1360=FACE_BOUND('',#1218,.T.);
#1361=FACE_BOUND('',#1219,.T.);
#1362=FACE_BOUND('',#1220,.T.);
#1363=FACE_BOUND('',#1221,.T.);
#1364=FACE_BOUND('',#1222,.T.);
#1365=FACE_BOUND('',#1223,.T.);
#1366=FACE_BOUND('',#1224,.T.);
#1367=FACE_BOUND('',#1225,.T.);
#1368=FACE_BOUND('',#1226,.T.);
#1369=FACE_BOUND('',#1227,.T.);
#1370=FACE_BOUND('',#1228,.T.);
#1371=FACE_BOUND('',#1229,.T.);
#1372=FACE_BOUND('',#1230,.T.);
#1373=FACE_BOUND('',#1231,.T.);
#1374=FACE_BOUND('',#1232,.T.);
#1375=FACE_BOUND('',#1233,.T.);
#1376=FACE_BOUND('',#1234,.T.);
#1377=FACE_BOUND('',#1235,.T.);
#1378=FACE_BOUND('',#1236,.T.);
#1379=FACE_BOUND('',#1237,.T.);
#1380=FACE_BOUND('',#1238,.T.);
#1381=FACE_BOUND('',#1239,.T.);
#1382=FACE_BOUND('',#1240,.T.);
#1383=FACE_BOUND('',#1241,.T.);
#1384=FACE_BOUND('',#1242,.T.);
#1385=FACE_BOUND('',#1243,.T.);
#1386=FACE_BOUND('',#1244,.T.);
#1387=FACE_BOUND('',#1245,.T.);
#1388=FACE_BOUND('',#1246,.T.);
#1389=FACE_BOUND('',#1247,.T.);
#1390=FACE_BOUND('',#1248,.T.);
#1391=FACE_BOUND('',#1249,.T.);
#1392=FACE_BOUND('',#1250,.T.);
#1393=FACE_BOUND('',#1251,.T.);
#1394=FACE_BOUND('',#1252,.T.);
#1395=FACE_BOUND('',#1253,.T.);
#1396=FACE_BOUND('',#1254,.T.);
#1397=FACE_BOUND('',#1255,.T.);
#1398=FACE_BOUND('',#1256,.T.);
#1399=FACE_BOUND('',#1257,.T.);
#1400=FACE_BOUND('',#1258,.T.);
#1401=FACE_BOUND('',#1259,.T.);
#1402=FACE_BOUND('',#1260,.T.);
#1403=FACE_BOUND('',#1261,.T.);
#1404=FACE_BOUND('',#1262,.T.);
#1405=FACE_BOUND('',#1263,.T.);
#1406=FACE_BOUND('',#1264,.T.);
#1407=FACE_BOUND('',#1265,.T.);
#1408=FACE_BOUND('',#1266,.T.);
#1409=FACE_BOUND('',#1267,.T.);
#1410=FACE_BOUND('',#1268,.T.);
#1411=FACE_BOUND('',#1269,.T.);
#1412=FACE_BOUND('',#1270,.T.);
#1413=FACE_BOUND('',#1271,.T.);
#1414=FACE_BOUND('',#1272,.T.);
#1415=FACE_BOUND('',#1273,.T.);
#1416=FACE_BOUND('',#1274,.T.);
#1417=FACE_BOUND('',#1275,.T.);
#1418=FACE_BOUND('',#1276,.T.);
#1419=FACE_BOUND('',#1277,.T.);
#1420=FACE_BOUND('',#1278,.T.);
#1421=FACE_BOUND('',#1279,.T.);
#1422=FACE_BOUND('',#1280,.T.);
#1423=FACE_BOUND('',#1281,.T.);
#1424=FACE_BOUND('',#1282,.T.);
#1425=FACE_BOUND('',#1283,.T.);
#1426=FACE_BOUND('',#1284,.T.);
#1427=FACE_BOUND('',#1285,.T.);
#1428=FACE_BOUND('',#1286,.T.);
#1429=FACE_BOUND('',#1287,.T.);
#1430=FACE_BOUND('',#1288,.T.);
#1431=FACE_BOUND('',#1289,.T.);
#1432=FACE_BOUND('',#1290,.T.);
#1433=FACE_BOUND('',#1291,.T.);
#1434=FACE_BOUND('',#1292,.T.);
#1435=FACE_BOUND('',#1293,.T.);
#1436=FACE_BOUND('',#1294,.T.);
#1437=FACE_BOUND('',#1295,.T.);
#1438=FACE_BOUND('',#1296,.T.);
#1439=FACE_BOUND('',#1297,.T.);
#1440=FACE_BOUND('',#1298,.T.);
#1441=FACE_BOUND('',#1299,.T.);
#1442=FACE_BOUND('',#1300,.T.);
#1443=FACE_BOUND('',#1301,.T.);
#1444=CYLINDRICAL_SURFACE('',#1585,0.00165);
#1445=CYLINDRICAL_SURFACE('',#1588,0.00165);
#1446=CYLINDRICAL_SURFACE('',#1591,0.00165);
#1447=CYLINDRICAL_SURFACE('',#1594,0.00165);
#1448=CYLINDRICAL_SURFACE('',#1597,0.00165);
#1449=CYLINDRICAL_SURFACE('',#1600,0.00165);
#1450=CYLINDRICAL_SURFACE('',#1622,0.0016);
#1451=CYLINDRICAL_SURFACE('',#1625,0.0016);
#1452=CYLINDRICAL_SURFACE('',#1628,0.0016);
#1453=CYLINDRICAL_SURFACE('',#1631,0.0016);
#1454=CYLINDRICAL_SURFACE('',#1634,0.0285);
#1455=CYLINDRICAL_SURFACE('',#1636,0.0285);
#1456=CYLINDRICAL_SURFACE('',#1638,0.0175);
#1457=CYLINDRICAL_SURFACE('',#1647,0.0016);
#1458=CYLINDRICAL_SURFACE('',#1650,0.0016);
#1459=CYLINDRICAL_SURFACE('',#1659,0.0472923593670052);
#1460=CYLINDRICAL_SURFACE('',#1661,0.0285);
#1461=CYLINDRICAL_SURFACE('',#1663,0.0472923593670053);
#1462=CYLINDRICAL_SURFACE('',#1687,0.003);
#1463=CYLINDRICAL_SURFACE('',#1688,0.003);
#1464=CYLINDRICAL_SURFACE('',#1689,0.003);
#1465=CYLINDRICAL_SURFACE('',#1690,0.003);
#1466=CYLINDRICAL_SURFACE('',#1691,0.003);
#1467=CYLINDRICAL_SURFACE('',#1692,0.003);
#1468=CYLINDRICAL_SURFACE('',#1693,0.003);
#1469=CYLINDRICAL_SURFACE('',#1694,0.003);
#1470=CYLINDRICAL_SURFACE('',#1695,0.004);
#1471=CYLINDRICAL_SURFACE('',#1696,0.004);
#1472=CYLINDRICAL_SURFACE('',#1729,0.005);
#1473=CYLINDRICAL_SURFACE('',#1730,0.005);
#1474=CYLINDRICAL_SURFACE('',#1731,0.0285);
#1475=CYLINDRICAL_SURFACE('',#1732,0.0285);
#1476=CYLINDRICAL_SURFACE('',#1733,0.0285);
#1477=CYLINDRICAL_SURFACE('',#1734,0.0285);
#1478=CYLINDRICAL_SURFACE('',#1735,0.002875);
#1479=CYLINDRICAL_SURFACE('',#1738,0.002875);
#1480=CYLINDRICAL_SURFACE('',#1741,0.002875);
#1481=CYLINDRICAL_SURFACE('',#1744,0.002875);
#1482=CYLINDRICAL_SURFACE('',#1747,0.002875);
#1483=CYLINDRICAL_SURFACE('',#1750,0.002875);
#1484=ADVANCED_FACE('',(#1302,#1303),#1444,.F.);
#1485=ADVANCED_FACE('',(#1304,#1305),#1445,.F.);
#1486=ADVANCED_FACE('',(#1306,#1307),#1446,.F.);
#1487=ADVANCED_FACE('',(#1308,#1309),#1447,.F.);
#1488=ADVANCED_FACE('',(#1310,#1311),#1448,.F.);
#1489=ADVANCED_FACE('',(#1312,#1313),#1449,.F.);
#1490=ADVANCED_FACE('',(#1314,#1315,#1316,#1317,#1318,#1319,#1320,#1321,
#1322,#1323,#1324,#1325),#264,.F.);
#1491=ADVANCED_FACE('',(#1326,#1327),#1450,.F.);
#1492=ADVANCED_FACE('',(#1328,#1329),#1451,.F.);
#1493=ADVANCED_FACE('',(#1330,#1331),#1452,.F.);
#1494=ADVANCED_FACE('',(#1332,#1333),#1453,.F.);
#1495=ADVANCED_FACE('',(#1334),#1454,.T.);
#1496=ADVANCED_FACE('',(#1335),#1455,.T.);
#1497=ADVANCED_FACE('',(#1336,#1337),#1456,.F.);
#1498=ADVANCED_FACE('',(#1338),#265,.T.);
#1499=ADVANCED_FACE('',(#1339),#266,.T.);
#1500=ADVANCED_FACE('',(#1340),#267,.F.);
#1501=ADVANCED_FACE('',(#1341,#1342),#1457,.F.);
#1502=ADVANCED_FACE('',(#1343,#1344),#1458,.F.);
#1503=ADVANCED_FACE('',(#1345,#1346,#1347),#268,.T.);
#1504=ADVANCED_FACE('',(#1348,#1349,#1350),#269,.F.);
#1505=ADVANCED_FACE('',(#1351),#1459,.F.);
#1506=ADVANCED_FACE('',(#1352),#1460,.T.);
#1507=ADVANCED_FACE('',(#1353),#1461,.F.);
#1508=ADVANCED_FACE('',(#1354,#1355,#1356,#1357,#1358,#1359,#1360,#1361,
#1362,#1363,#1364),#270,.T.);
#1509=ADVANCED_FACE('',(#1365),#271,.F.);
#1510=ADVANCED_FACE('',(#1366),#272,.F.);
#1511=ADVANCED_FACE('',(#1367),#273,.T.);
#1512=ADVANCED_FACE('',(#1368),#274,.F.);
#1513=ADVANCED_FACE('',(#1369),#275,.T.);
#1514=ADVANCED_FACE('',(#1370),#276,.F.);
#1515=ADVANCED_FACE('',(#1371),#277,.T.);
#1516=ADVANCED_FACE('',(#1372),#1462,.F.);
#1517=ADVANCED_FACE('',(#1373),#1463,.F.);
#1518=ADVANCED_FACE('',(#1374),#1464,.F.);
#1519=ADVANCED_FACE('',(#1375),#1465,.T.);
#1520=ADVANCED_FACE('',(#1376),#1466,.T.);
#1521=ADVANCED_FACE('',(#1377),#1467,.F.);
#1522=ADVANCED_FACE('',(#1378),#1468,.T.);
#1523=ADVANCED_FACE('',(#1379),#1469,.T.);
#1524=ADVANCED_FACE('',(#1380),#1470,.F.);
#1525=ADVANCED_FACE('',(#1381),#1471,.T.);
#1526=ADVANCED_FACE('',(#1382),#278,.T.);
#1527=ADVANCED_FACE('',(#1383),#279,.T.);
#1528=ADVANCED_FACE('',(#1384),#280,.T.);
#1529=ADVANCED_FACE('',(#1385),#281,.T.);
#1530=ADVANCED_FACE('',(#1386),#282,.T.);
#1531=ADVANCED_FACE('',(#1387),#283,.T.);
#1532=ADVANCED_FACE('',(#1388,#1389),#284,.T.);
#1533=ADVANCED_FACE('',(#1390),#285,.F.);
#1534=ADVANCED_FACE('',(#1391),#286,.F.);
#1535=ADVANCED_FACE('',(#1392),#287,.F.);
#1536=ADVANCED_FACE('',(#1393),#288,.F.);
#1537=ADVANCED_FACE('',(#1394),#289,.F.);
#1538=ADVANCED_FACE('',(#1395),#290,.F.);
#1539=ADVANCED_FACE('',(#1396,#1397),#291,.T.);
#1540=ADVANCED_FACE('',(#1398),#292,.F.);
#1541=ADVANCED_FACE('',(#1399),#293,.F.);
#1542=ADVANCED_FACE('',(#1400),#294,.F.);
#1543=ADVANCED_FACE('',(#1401),#295,.F.);
#1544=ADVANCED_FACE('',(#1402),#296,.F.);
#1545=ADVANCED_FACE('',(#1403),#297,.F.);
#1546=ADVANCED_FACE('',(#1404,#1405),#298,.T.);
#1547=ADVANCED_FACE('',(#1406),#299,.T.);
#1548=ADVANCED_FACE('',(#1407),#300,.T.);
#1549=ADVANCED_FACE('',(#1408),#301,.T.);
#1550=ADVANCED_FACE('',(#1409),#302,.T.);
#1551=ADVANCED_FACE('',(#1410),#303,.T.);
#1552=ADVANCED_FACE('',(#1411),#304,.T.);
#1553=ADVANCED_FACE('',(#1412,#1413),#305,.T.);
#1554=ADVANCED_FACE('',(#1414),#1472,.T.);
#1555=ADVANCED_FACE('',(#1415),#1473,.T.);
#1556=ADVANCED_FACE('',(#1416),#1474,.T.);
#1557=ADVANCED_FACE('',(#1417),#1475,.T.);
#1558=ADVANCED_FACE('',(#1418),#1476,.T.);
#1559=ADVANCED_FACE('',(#1419),#1477,.T.);
#1560=ADVANCED_FACE('',(#1420,#1421),#1478,.F.);
#1561=ADVANCED_FACE('',(#1422,#1423),#306,.T.);
#1562=ADVANCED_FACE('',(#1424,#1425),#1479,.F.);
#1563=ADVANCED_FACE('',(#1426,#1427),#307,.T.);
#1564=ADVANCED_FACE('',(#1428,#1429),#1480,.F.);
#1565=ADVANCED_FACE('',(#1430,#1431),#308,.T.);
#1566=ADVANCED_FACE('',(#1432,#1433),#1481,.F.);
#1567=ADVANCED_FACE('',(#1434,#1435),#309,.T.);
#1568=ADVANCED_FACE('',(#1436,#1437),#1482,.F.);
#1569=ADVANCED_FACE('',(#1438,#1439),#310,.T.);
#1570=ADVANCED_FACE('',(#1440,#1441),#1483,.F.);
#1571=ADVANCED_FACE('',(#1442,#1443),#311,.T.);
#1572=CLOSED_SHELL('',(#1484,#1485,#1486,#1487,#1488,#1489,#1490,#1491,
#1492,#1493,#1494,#1495,#1496,#1497,#1498,#1499,#1500,#1501,#1502,#1503,
#1504,#1505,#1506,#1507,#1508,#1509,#1510,#1511,#1512,#1513,#1514,#1515,
#1516,#1517,#1518,#1519,#1520,#1521,#1522,#1523,#1524,#1525,#1526,#1527,
#1528,#1529,#1530,#1531,#1532,#1533,#1534,#1535,#1536,#1537,#1538,#1539,
#1540,#1541,#1542,#1543,#1544,#1545,#1546,#1547,#1548,#1549,#1550,#1551,
#1552,#1553,#1554,#1555,#1556,#1557,#1558,#1559,#1560,#1561,#1562,#1563,
#1564,#1565,#1566,#1567,#1568,#1569,#1570,#1571));
#1573=STYLED_ITEM('',(#1574),#1581);
#1574=PRESENTATION_STYLE_ASSIGNMENT((#1575));
#1575=SURFACE_STYLE_USAGE(.BOTH.,#1576);
#1576=SURFACE_SIDE_STYLE('',(#1577));
#1577=SURFACE_STYLE_FILL_AREA(#1578);
#1578=FILL_AREA_STYLE('',(#1579));
#1579=FILL_AREA_STYLE_COLOUR('',#1580);
#1580=COLOUR_RGB('',0.615686274509804,0.811764705882353,0.929411764705882);
#1581=MANIFOLD_SOLID_BREP('RM65-B CamMount',#1572);
#1582=SHAPE_DEFINITION_REPRESENTATION(#2668,#1583);
#1583=SHAPE_REPRESENTATION('RM65-B CamMount',(#1584),#2663);
#1584=AXIS2_PLACEMENT_3D('',#2217,#1753,#1754);
#1585=AXIS2_PLACEMENT_3D('',#2218,#1755,#1756);
#1586=AXIS2_PLACEMENT_3D('',#2219,#1757,#1758);
#1587=AXIS2_PLACEMENT_3D('',#2221,#1759,#1760);
#1588=AXIS2_PLACEMENT_3D('',#2223,#1761,#1762);
#1589=AXIS2_PLACEMENT_3D('',#2224,#1763,#1764);
#1590=AXIS2_PLACEMENT_3D('',#2226,#1765,#1766);
#1591=AXIS2_PLACEMENT_3D('',#2228,#1767,#1768);
#1592=AXIS2_PLACEMENT_3D('',#2229,#1769,#1770);
#1593=AXIS2_PLACEMENT_3D('',#2231,#1771,#1772);
#1594=AXIS2_PLACEMENT_3D('',#2233,#1773,#1774);
#1595=AXIS2_PLACEMENT_3D('',#2234,#1775,#1776);
#1596=AXIS2_PLACEMENT_3D('',#2236,#1777,#1778);
#1597=AXIS2_PLACEMENT_3D('',#2238,#1779,#1780);
#1598=AXIS2_PLACEMENT_3D('',#2239,#1781,#1782);
#1599=AXIS2_PLACEMENT_3D('',#2241,#1783,#1784);
#1600=AXIS2_PLACEMENT_3D('',#2243,#1785,#1786);
#1601=AXIS2_PLACEMENT_3D('',#2244,#1787,#1788);
#1602=AXIS2_PLACEMENT_3D('',#2246,#1789,#1790);
#1603=AXIS2_PLACEMENT_3D('',#2248,#1791,#1792);
#1604=AXIS2_PLACEMENT_3D('',#2252,#1794,#1795);
#1605=AXIS2_PLACEMENT_3D('',#2266,#1802,#1803);
#1606=AXIS2_PLACEMENT_3D('',#2277,#1809,#1810);
#1607=AXIS2_PLACEMENT_3D('',#2280,#1811,#1812);
#1608=AXIS2_PLACEMENT_3D('',#2282,#1813,#1814);
#1609=AXIS2_PLACEMENT_3D('',#2286,#1816,#1817);
#1610=AXIS2_PLACEMENT_3D('',#2290,#1819,#1820);
#1611=AXIS2_PLACEMENT_3D('',#2294,#1822,#1823);
#1612=AXIS2_PLACEMENT_3D('',#2296,#1824,#1825);
#1613=AXIS2_PLACEMENT_3D('',#2298,#1826,#1827);
#1614=AXIS2_PLACEMENT_3D('',#2306,#1831,#1832);
#1615=AXIS2_PLACEMENT_3D('',#2308,#1833,#1834);
#1616=AXIS2_PLACEMENT_3D('',#2310,#1835,#1836);
#1617=AXIS2_PLACEMENT_3D('',#2314,#1838,#1839);
#1618=AXIS2_PLACEMENT_3D('',#2318,#1841,#1842);
#1619=AXIS2_PLACEMENT_3D('',#2324,#1845,#1846);
#1620=AXIS2_PLACEMENT_3D('',#2338,#1853,#1854);
#1621=AXIS2_PLACEMENT_3D('',#2349,#1860,#1861);
#1622=AXIS2_PLACEMENT_3D('',#2351,#1862,#1863);
#1623=AXIS2_PLACEMENT_3D('',#2352,#1864,#1865);
#1624=AXIS2_PLACEMENT_3D('',#2354,#1866,#1867);
#1625=AXIS2_PLACEMENT_3D('',#2356,#1868,#1869);
#1626=AXIS2_PLACEMENT_3D('',#2357,#1870,#1871);
#1627=AXIS2_PLACEMENT_3D('',#2359,#1872,#1873);
#1628=AXIS2_PLACEMENT_3D('',#2361,#1874,#1875);
#1629=AXIS2_PLACEMENT_3D('',#2362,#1876,#1877);
#1630=AXIS2_PLACEMENT_3D('',#2364,#1878,#1879);
#1631=AXIS2_PLACEMENT_3D('',#2366,#1880,#1881);
#1632=AXIS2_PLACEMENT_3D('',#2367,#1882,#1883);
#1633=AXIS2_PLACEMENT_3D('',#2369,#1884,#1885);
#1634=AXIS2_PLACEMENT_3D('',#2371,#1886,#1887);
#1635=AXIS2_PLACEMENT_3D('',#2372,#1888,#1889);
#1636=AXIS2_PLACEMENT_3D('',#2377,#1892,#1893);
#1637=AXIS2_PLACEMENT_3D('',#2380,#1895,#1896);
#1638=AXIS2_PLACEMENT_3D('',#2383,#1898,#1899);
#1639=AXIS2_PLACEMENT_3D('',#2384,#1900,#1901);
#1640=AXIS2_PLACEMENT_3D('',#2386,#1902,#1903);
#1641=AXIS2_PLACEMENT_3D('',#2394,#1907,#1908);
#1642=AXIS2_PLACEMENT_3D('',#2399,#1911,#1912);
#1643=AXIS2_PLACEMENT_3D('',#2400,#1913,#1914);
#1644=AXIS2_PLACEMENT_3D('',#2409,#1919,#1920);
#1645=AXIS2_PLACEMENT_3D('',#2417,#1924,#1925);
#1646=AXIS2_PLACEMENT_3D('',#2422,#1928,#1929);
#1647=AXIS2_PLACEMENT_3D('',#2423,#1930,#1931);
#1648=AXIS2_PLACEMENT_3D('',#2424,#1932,#1933);
#1649=AXIS2_PLACEMENT_3D('',#2426,#1934,#1935);
#1650=AXIS2_PLACEMENT_3D('',#2428,#1936,#1937);
#1651=AXIS2_PLACEMENT_3D('',#2429,#1938,#1939);
#1652=AXIS2_PLACEMENT_3D('',#2431,#1940,#1941);
#1653=AXIS2_PLACEMENT_3D('',#2433,#1942,#1943);
#1654=AXIS2_PLACEMENT_3D('',#2434,#1944,#1945);
#1655=AXIS2_PLACEMENT_3D('',#2436,#1947,#1948);
#1656=AXIS2_PLACEMENT_3D('',#2437,#1949,#1950);
#1657=AXIS2_PLACEMENT_3D('',#2438,#1951,#1952);
#1658=AXIS2_PLACEMENT_3D('',#2439,#1953,#1954);
#1659=AXIS2_PLACEMENT_3D('',#2441,#1956,#1957);
#1660=AXIS2_PLACEMENT_3D('',#2444,#1959,#1960);
#1661=AXIS2_PLACEMENT_3D('',#2445,#1961,#1962);
#1662=AXIS2_PLACEMENT_3D('',#2448,#1964,#1965);
#1663=AXIS2_PLACEMENT_3D('',#2449,#1966,#1967);
#1664=AXIS2_PLACEMENT_3D('',#2450,#1968,#1969);
#1665=AXIS2_PLACEMENT_3D('',#2451,#1970,#1971);
#1666=AXIS2_PLACEMENT_3D('',#2452,#1972,#1973);
#1667=AXIS2_PLACEMENT_3D('',#2454,#1974,#1975);
#1668=AXIS2_PLACEMENT_3D('',#2456,#1976,#1977);
#1669=AXIS2_PLACEMENT_3D('',#2458,#1978,#1979);
#1670=AXIS2_PLACEMENT_3D('',#2460,#1980,#1981);
#1671=AXIS2_PLACEMENT_3D('',#2462,#1982,#1983);
#1672=AXIS2_PLACEMENT_3D('',#2464,#1984,#1985);
#1673=AXIS2_PLACEMENT_3D('',#2467,#1987,#1988);
#1674=AXIS2_PLACEMENT_3D('',#2471,#1990,#1991);
#1675=AXIS2_PLACEMENT_3D('',#2475,#1993,#1994);
#1676=AXIS2_PLACEMENT_3D('',#2479,#1996,#1997);
#1677=AXIS2_PLACEMENT_3D('',#2480,#1998,#1999);
#1678=AXIS2_PLACEMENT_3D('',#2484,#2001,#2002);
#1679=AXIS2_PLACEMENT_3D('',#2488,#2004,#2005);
#1680=AXIS2_PLACEMENT_3D('',#2491,#2007,#2008);
#1681=AXIS2_PLACEMENT_3D('',#2492,#2009,#2010);
#1682=AXIS2_PLACEMENT_3D('',#2495,#2013,#2014);
#1683=AXIS2_PLACEMENT_3D('',#2498,#2017,#2018);
#1684=AXIS2_PLACEMENT_3D('',#2501,#2021,#2022);
#1685=AXIS2_PLACEMENT_3D('',#2504,#2025,#2026);
#1686=AXIS2_PLACEMENT_3D('',#2507,#2029,#2030);
#1687=AXIS2_PLACEMENT_3D('',#2510,#2033,#2034);
#1688=AXIS2_PLACEMENT_3D('',#2511,#2035,#2036);
#1689=AXIS2_PLACEMENT_3D('',#2512,#2037,#2038);
#1690=AXIS2_PLACEMENT_3D('',#2513,#2039,#2040);
#1691=AXIS2_PLACEMENT_3D('',#2514,#2041,#2042);
#1692=AXIS2_PLACEMENT_3D('',#2515,#2043,#2044);
#1693=AXIS2_PLACEMENT_3D('',#2516,#2045,#2046);
#1694=AXIS2_PLACEMENT_3D('',#2517,#2047,#2048);
#1695=AXIS2_PLACEMENT_3D('',#2518,#2049,#2050);
#1696=AXIS2_PLACEMENT_3D('',#2519,#2051,#2052);
#1697=AXIS2_PLACEMENT_3D('',#2520,#2053,#2054);
#1698=AXIS2_PLACEMENT_3D('',#2526,#2058,#2059);
#1699=AXIS2_PLACEMENT_3D('',#2530,#2062,#2063);
#1700=AXIS2_PLACEMENT_3D('',#2534,#2066,#2067);
#1701=AXIS2_PLACEMENT_3D('',#2538,#2070,#2071);
#1702=AXIS2_PLACEMENT_3D('',#2542,#2074,#2075);
#1703=AXIS2_PLACEMENT_3D('',#2546,#2078,#2079);
#1704=AXIS2_PLACEMENT_3D('',#2547,#2080,#2081);
#1705=AXIS2_PLACEMENT_3D('',#2548,#2082,#2083);
#1706=AXIS2_PLACEMENT_3D('',#2554,#2087,#2088);
#1707=AXIS2_PLACEMENT_3D('',#2558,#2091,#2092);
#1708=AXIS2_PLACEMENT_3D('',#2562,#2095,#2096);
#1709=AXIS2_PLACEMENT_3D('',#2566,#2099,#2100);
#1710=AXIS2_PLACEMENT_3D('',#2572,#2104,#2105);
#1711=AXIS2_PLACEMENT_3D('',#2574,#2107,#2108);
#1712=AXIS2_PLACEMENT_3D('',#2575,#2109,#2110);
#1713=AXIS2_PLACEMENT_3D('',#2576,#2111,#2112);
#1714=AXIS2_PLACEMENT_3D('',#2582,#2116,#2117);
#1715=AXIS2_PLACEMENT_3D('',#2586,#2120,#2121);
#1716=AXIS2_PLACEMENT_3D('',#2590,#2124,#2125);
#1717=AXIS2_PLACEMENT_3D('',#2594,#2128,#2129);
#1718=AXIS2_PLACEMENT_3D('',#2598,#2132,#2133);
#1719=AXIS2_PLACEMENT_3D('',#2602,#2136,#2137);
#1720=AXIS2_PLACEMENT_3D('',#2603,#2138,#2139);
#1721=AXIS2_PLACEMENT_3D('',#2604,#2140,#2141);
#1722=AXIS2_PLACEMENT_3D('',#2610,#2145,#2146);
#1723=AXIS2_PLACEMENT_3D('',#2614,#2149,#2150);
#1724=AXIS2_PLACEMENT_3D('',#2620,#2154,#2155);
#1725=AXIS2_PLACEMENT_3D('',#2624,#2158,#2159);
#1726=AXIS2_PLACEMENT_3D('',#2628,#2162,#2163);
#1727=AXIS2_PLACEMENT_3D('',#2630,#2165,#2166);
#1728=AXIS2_PLACEMENT_3D('',#2631,#2167,#2168);
#1729=AXIS2_PLACEMENT_3D('',#2632,#2169,#2170);
#1730=AXIS2_PLACEMENT_3D('',#2633,#2171,#2172);
#1731=AXIS2_PLACEMENT_3D('',#2634,#2173,#2174);
#1732=AXIS2_PLACEMENT_3D('',#2635,#2175,#2176);
#1733=AXIS2_PLACEMENT_3D('',#2636,#2177,#2178);
#1734=AXIS2_PLACEMENT_3D('',#2637,#2179,#2180);
#1735=AXIS2_PLACEMENT_3D('',#2638,#2181,#2182);
#1736=AXIS2_PLACEMENT_3D('',#2639,#2183,#2184);
#1737=AXIS2_PLACEMENT_3D('',#2641,#2185,#2186);
#1738=AXIS2_PLACEMENT_3D('',#2642,#2187,#2188);
#1739=AXIS2_PLACEMENT_3D('',#2643,#2189,#2190);
#1740=AXIS2_PLACEMENT_3D('',#2645,#2191,#2192);
#1741=AXIS2_PLACEMENT_3D('',#2646,#2193,#2194);
#1742=AXIS2_PLACEMENT_3D('',#2647,#2195,#2196);
#1743=AXIS2_PLACEMENT_3D('',#2649,#2197,#2198);
#1744=AXIS2_PLACEMENT_3D('',#2650,#2199,#2200);
#1745=AXIS2_PLACEMENT_3D('',#2651,#2201,#2202);
#1746=AXIS2_PLACEMENT_3D('',#2653,#2203,#2204);
#1747=AXIS2_PLACEMENT_3D('',#2654,#2205,#2206);
#1748=AXIS2_PLACEMENT_3D('',#2655,#2207,#2208);
#1749=AXIS2_PLACEMENT_3D('',#2657,#2209,#2210);
#1750=AXIS2_PLACEMENT_3D('',#2658,#2211,#2212);
#1751=AXIS2_PLACEMENT_3D('',#2659,#2213,#2214);
#1752=AXIS2_PLACEMENT_3D('',#2661,#2215,#2216);
#1753=DIRECTION('',(0.,0.,1.));
#1754=DIRECTION('',(1.,0.,0.));
#1755=DIRECTION('',(0.,0.,1.));
#1756=DIRECTION('',(1.,0.,0.));
#1757=DIRECTION('',(0.,0.,1.));
#1758=DIRECTION('',(1.,0.,0.));
#1759=DIRECTION('',(0.,0.,1.));
#1760=DIRECTION('',(1.,0.,0.));
#1761=DIRECTION('',(0.,0.,1.));
#1762=DIRECTION('',(1.,0.,0.));
#1763=DIRECTION('',(0.,0.,1.));
#1764=DIRECTION('',(1.,0.,0.));
#1765=DIRECTION('',(0.,0.,1.));
#1766=DIRECTION('',(1.,0.,0.));
#1767=DIRECTION('',(0.,0.,1.));
#1768=DIRECTION('',(1.,0.,0.));
#1769=DIRECTION('',(0.,0.,1.));
#1770=DIRECTION('',(1.,0.,0.));
#1771=DIRECTION('',(0.,0.,1.));
#1772=DIRECTION('',(1.,0.,0.));
#1773=DIRECTION('',(0.,0.,1.));
#1774=DIRECTION('',(1.,0.,0.));
#1775=DIRECTION('',(0.,0.,1.));
#1776=DIRECTION('',(1.,0.,0.));
#1777=DIRECTION('',(0.,0.,1.));
#1778=DIRECTION('',(1.,0.,0.));
#1779=DIRECTION('',(0.,0.,1.));
#1780=DIRECTION('',(1.,0.,0.));
#1781=DIRECTION('',(0.,0.,1.));
#1782=DIRECTION('',(1.,0.,0.));
#1783=DIRECTION('',(0.,0.,1.));
#1784=DIRECTION('',(1.,0.,0.));
#1785=DIRECTION('',(0.,0.,1.));
#1786=DIRECTION('',(1.,0.,0.));
#1787=DIRECTION('',(0.,0.,1.));
#1788=DIRECTION('',(1.,0.,0.));
#1789=DIRECTION('',(0.,0.,1.));
#1790=DIRECTION('',(1.,0.,0.));
#1791=DIRECTION('',(0.,0.,1.));
#1792=DIRECTION('',(1.,0.,0.));
#1793=DIRECTION('',(0.,1.,0.));
#1794=DIRECTION('',(0.,0.,1.));
#1795=DIRECTION('',(1.,0.,0.));
#1796=DIRECTION('',(-0.874914024364167,0.484278277409692,0.));
#1797=DIRECTION('',(-0.874914024364167,-0.484278277409691,0.));
#1798=DIRECTION('',(0.,-1.,0.));
#1799=DIRECTION('',(0.87491402436417,-0.484278277409686,0.));
#1800=DIRECTION('',(0.874914024364171,0.484278277409685,0.));
#1801=DIRECTION('',(4.18231742528898E-15,-1.,0.));
#1802=DIRECTION('',(0.,0.,1.));
#1803=DIRECTION('',(1.,0.,0.));
#1804=DIRECTION('',(0.874914024364169,-0.484278277409687,0.));
#1805=DIRECTION('',(0.874914024364164,0.484278277409696,0.));
#1806=DIRECTION('',(-4.18231742528895E-15,1.,0.));
#1807=DIRECTION('',(-0.874914024364172,0.484278277409682,0.));
#1808=DIRECTION('',(-0.874914024364169,-0.484278277409687,0.));
#1809=DIRECTION('',(0.,0.,1.));
#1810=DIRECTION('',(1.,0.,0.));
#1811=DIRECTION('',(0.,0.,1.));
#1812=DIRECTION('',(1.,0.,0.));
#1813=DIRECTION('',(0.,0.,1.));
#1814=DIRECTION('',(1.,0.,0.));
#1815=DIRECTION('',(1.,0.,0.));
#1816=DIRECTION('',(0.,0.,1.));
#1817=DIRECTION('',(1.,0.,0.));
#1818=DIRECTION('',(0.,-1.,0.));
#1819=DIRECTION('',(0.,0.,1.));
#1820=DIRECTION('',(1.,0.,0.));
#1821=DIRECTION('',(1.,0.,0.));
#1822=DIRECTION('',(0.,0.,1.));
#1823=DIRECTION('',(1.,0.,0.));
#1824=DIRECTION('',(0.,0.,1.));
#1825=DIRECTION('',(1.,0.,0.));
#1826=DIRECTION('',(0.,0.,1.));
#1827=DIRECTION('',(1.,0.,0.));
#1828=DIRECTION('',(0.,-1.,0.));
#1829=DIRECTION('',(1.,1.21027219254196E-16,0.));
#1830=DIRECTION('',(1.27957917543922E-16,-1.,0.));
#1831=DIRECTION('',(0.,0.,1.));
#1832=DIRECTION('',(1.,0.,0.));
#1833=DIRECTION('',(0.,0.,1.));
#1834=DIRECTION('',(1.,0.,0.));
#1835=DIRECTION('',(0.,0.,1.));
#1836=DIRECTION('',(1.,0.,0.));
#1837=DIRECTION('',(1.,0.,0.));
#1838=DIRECTION('',(0.,0.,1.));
#1839=DIRECTION('',(1.,0.,0.));
#1840=DIRECTION('',(0.,-1.,0.));
#1841=DIRECTION('',(0.,0.,1.));
#1842=DIRECTION('',(1.,0.,0.));
#1843=DIRECTION('',(1.,0.,0.));
#1844=DIRECTION('',(0.874914024364168,0.484278277409689,0.));
#1845=DIRECTION('',(0.,0.,1.));
#1846=DIRECTION('',(1.,0.,0.));
#1847=DIRECTION('',(0.,1.,0.));
#1848=DIRECTION('',(-0.874914024364171,0.484278277409684,0.));
#1849=DIRECTION('',(-0.87491402436417,-0.484278277409686,0.));
#1850=DIRECTION('',(0.,-1.,0.));
#1851=DIRECTION('',(0.874914024364167,-0.484278277409691,0.));
#1852=DIRECTION('',(-0.874914024364169,-0.484278277409688,0.));
#1853=DIRECTION('',(0.,0.,1.));
#1854=DIRECTION('',(1.,0.,0.));
#1855=DIRECTION('',(-5.22789678161123E-15,-1.,0.));
#1856=DIRECTION('',(0.874914024364169,-0.484278277409687,0.));
#1857=DIRECTION('',(0.874914024364172,0.484278277409682,0.));
#1858=DIRECTION('',(5.22789678161118E-15,1.,0.));
#1859=DIRECTION('',(-0.874914024364165,0.484278277409696,0.));
#1860=DIRECTION('',(0.,0.,1.));
#1861=DIRECTION('',(1.,0.,0.));
#1862=DIRECTION('',(0.,0.,1.));
#1863=DIRECTION('',(1.,0.,0.));
#1864=DIRECTION('',(0.,0.,1.));
#1865=DIRECTION('',(1.,0.,0.));
#1866=DIRECTION('',(0.,0.,1.));
#1867=DIRECTION('',(1.,0.,0.));
#1868=DIRECTION('',(0.,0.,1.));
#1869=DIRECTION('',(1.,0.,0.));
#1870=DIRECTION('',(0.,0.,1.));
#1871=DIRECTION('',(1.,0.,0.));
#1872=DIRECTION('',(0.,0.,1.));
#1873=DIRECTION('',(1.,0.,0.));
#1874=DIRECTION('',(0.,0.,1.));
#1875=DIRECTION('',(1.,0.,0.));
#1876=DIRECTION('',(0.,0.,1.));
#1877=DIRECTION('',(1.,0.,0.));
#1878=DIRECTION('',(0.,0.,1.));
#1879=DIRECTION('',(1.,0.,0.));
#1880=DIRECTION('',(0.,0.,1.));
#1881=DIRECTION('',(1.,0.,0.));
#1882=DIRECTION('',(0.,0.,1.));
#1883=DIRECTION('',(1.,0.,0.));
#1884=DIRECTION('',(0.,0.,1.));
#1885=DIRECTION('',(1.,0.,0.));
#1886=DIRECTION('',(0.,0.,-1.));
#1887=DIRECTION('',(-1.,0.,0.));
#1888=DIRECTION('',(0.,0.,1.));
#1889=DIRECTION('',(1.,0.,0.));
#1890=DIRECTION('',(0.,0.,-1.));
#1891=DIRECTION('',(0.,0.,-1.));
#1892=DIRECTION('',(0.,0.,-1.));
#1893=DIRECTION('',(-1.,0.,0.));
#1894=DIRECTION('',(0.,0.,-1.));
#1895=DIRECTION('',(0.,0.,1.));
#1896=DIRECTION('',(1.,0.,0.));
#1897=DIRECTION('',(0.,0.,-1.));
#1898=DIRECTION('',(0.,0.,-1.));
#1899=DIRECTION('',(-1.,0.,0.));
#1900=DIRECTION('',(0.,0.,1.));
#1901=DIRECTION('',(1.,0.,0.));
#1902=DIRECTION('',(1.,1.6214572830673E-17,-6.05136096270979E-17));
#1903=DIRECTION('',(-6.05136096270979E-17,0.5,-0.866025403784439));
#1904=DIRECTION('',(-1.6214572830673E-17,-0.866025403784439,-0.5));
#1905=DIRECTION('',(-6.05136096270979E-17,0.5,-0.866025403784439));
#1906=DIRECTION('',(-1.6214572830673E-17,-0.866025403784439,-0.5));
#1907=DIRECTION('',(1.,1.6214572830673E-17,-6.05136096270979E-17));
#1908=DIRECTION('',(-6.05136096270979E-17,0.,-1.));
#1909=DIRECTION('',(1.27957917543922E-16,-1.,0.));
#1910=DIRECTION('',(0.,0.,-1.));
#1911=DIRECTION('',(1.,1.6214572830673E-17,-6.05136096270979E-17));
#1912=DIRECTION('',(-6.05136096270979E-17,0.,-1.));
#1913=DIRECTION('',(-1.45155052841588E-16,0.866025403784439,0.5));
#1914=DIRECTION('',(-1.,-1.55964768062037E-16,-2.01712032090326E-17));
#1915=DIRECTION('',(1.,1.55964768062037E-16,2.01712032090326E-17));
#1916=DIRECTION('',(-6.05136096270979E-17,0.5,-0.866025403784439));
#1917=DIRECTION('',(1.,1.55964768062037E-16,2.01712032090326E-17));
#1918=DIRECTION('',(-6.05136096270979E-17,0.5,-0.866025403784439));
#1919=DIRECTION('',(1.,1.6214572830673E-17,-6.05136096270979E-17));
#1920=DIRECTION('',(-6.05136096270979E-17,0.5,-0.866025403784439));
#1921=DIRECTION('',(-1.6214572830673E-17,-0.866025403784439,-0.5));
#1922=DIRECTION('',(-6.05136096270979E-17,0.5,-0.866025403784439));
#1923=DIRECTION('',(-1.6214572830673E-17,-0.866025403784439,-0.5));
#1924=DIRECTION('',(1.,1.6214572830673E-17,-6.05136096270979E-17));
#1925=DIRECTION('',(-6.05136096270979E-17,0.,-1.));
#1926=DIRECTION('',(0.,0.,-1.));
#1927=DIRECTION('',(0.,-1.,0.));
#1928=DIRECTION('',(1.,1.6214572830673E-17,-6.05136096270979E-17));
#1929=DIRECTION('',(-6.05136096270979E-17,0.,-1.));
#1930=DIRECTION('',(-6.05136096270979E-17,0.5,-0.866025403784439));
#1931=DIRECTION('',(-1.,-1.6214572830673E-17,6.05136096270979E-17));
#1932=DIRECTION('',(6.05136096270979E-17,-0.5,0.866025403784439));
#1933=DIRECTION('',(1.,1.6214572830673E-17,-6.05136096270979E-17));
#1934=DIRECTION('',(6.05136096270979E-17,-0.5,0.866025403784439));
#1935=DIRECTION('',(1.,1.6214572830673E-17,-6.05136096270979E-17));
#1936=DIRECTION('',(-6.05136096270979E-17,0.5,-0.866025403784439));
#1937=DIRECTION('',(-1.,-1.6214572830673E-17,6.05136096270979E-17));
#1938=DIRECTION('',(6.05136096270979E-17,-0.5,0.866025403784439));
#1939=DIRECTION('',(1.,1.6214572830673E-17,-6.05136096270979E-17));
#1940=DIRECTION('',(6.05136096270979E-17,-0.5,0.866025403784439));
#1941=DIRECTION('',(1.,1.6214572830673E-17,-6.05136096270979E-17));
#1942=DIRECTION('',(6.05136096270979E-17,-0.5,0.866025403784439));
#1943=DIRECTION('',(1.,1.6214572830673E-17,-6.05136096270979E-17));
#1944=DIRECTION('',(6.05136096270979E-17,-0.5,0.866025403784439));
#1945=DIRECTION('',(0.,-0.866025403784439,-0.5));
#1946=DIRECTION('',(-1.,-1.21027219254196E-16,1.15555796663234E-33));
#1947=DIRECTION('',(6.05136096270979E-17,-0.5,0.866025403784439));
#1948=DIRECTION('',(0.,-0.866025403784439,-0.5));
#1949=DIRECTION('',(6.05136096270979E-17,-0.5,0.866025403784439));
#1950=DIRECTION('',(1.,1.6214572830673E-17,-6.05136096270979E-17));
#1951=DIRECTION('',(6.05136096270979E-17,-0.5,0.866025403784439));
#1952=DIRECTION('',(0.,-0.866025403784439,-0.5));
#1953=DIRECTION('',(6.05136096270979E-17,-0.5,0.866025403784439));
#1954=DIRECTION('',(0.,-0.866025403784439,-0.5));
#1955=DIRECTION('',(1.,1.21027219254196E-16,-1.15555796663234E-33));
#1956=DIRECTION('',(0.,0.,-1.));
#1957=DIRECTION('',(-1.,0.,0.));
#1958=DIRECTION('',(0.,0.,-1.));
#1959=DIRECTION('',(0.,0.,1.));
#1960=DIRECTION('',(1.,0.,0.));
#1961=DIRECTION('',(0.,0.,-1.));
#1962=DIRECTION('',(-1.,0.,0.));
#1963=DIRECTION('',(0.,0.,-1.));
#1964=DIRECTION('',(0.,0.,1.));
#1965=DIRECTION('',(1.,0.,0.));
#1966=DIRECTION('',(0.,0.,-1.));
#1967=DIRECTION('',(-1.,0.,0.));
#1968=DIRECTION('',(0.,0.,1.));
#1969=DIRECTION('',(1.,0.,0.));
#1970=DIRECTION('',(0.,0.,1.));
#1971=DIRECTION('',(1.,0.,0.));
#1972=DIRECTION('',(0.,0.,1.));
#1973=DIRECTION('',(1.,0.,0.));
#1974=DIRECTION('',(0.,0.,1.));
#1975=DIRECTION('',(1.,0.,0.));
#1976=DIRECTION('',(0.,0.,1.));
#1977=DIRECTION('',(1.,0.,0.));
#1978=DIRECTION('',(0.,0.,1.));
#1979=DIRECTION('',(1.,0.,0.));
#1980=DIRECTION('',(0.,0.,1.));
#1981=DIRECTION('',(1.,0.,0.));
#1982=DIRECTION('',(0.,0.,1.));
#1983=DIRECTION('',(1.,0.,0.));
#1984=DIRECTION('',(0.,0.,1.));
#1985=DIRECTION('',(1.,0.,0.));
#1986=DIRECTION('',(-1.,-1.21027219254196E-16,0.));
#1987=DIRECTION('',(0.,0.,1.));
#1988=DIRECTION('',(1.,0.,0.));
#1989=DIRECTION('',(-1.,0.,0.));
#1990=DIRECTION('',(0.,0.,1.));
#1991=DIRECTION('',(1.,0.,0.));
#1992=DIRECTION('',(0.,1.,0.));
#1993=DIRECTION('',(0.,0.,1.));
#1994=DIRECTION('',(1.,0.,0.));
#1995=DIRECTION('',(-1.,0.,0.));
#1996=DIRECTION('',(0.,0.,1.));
#1997=DIRECTION('',(1.,0.,0.));
#1998=DIRECTION('',(0.,0.,1.));
#1999=DIRECTION('',(1.,0.,0.));
#2000=DIRECTION('',(-1.,0.,0.));
#2001=DIRECTION('',(0.,0.,1.));
#2002=DIRECTION('',(1.,0.,0.));
#2003=DIRECTION('',(0.,1.,0.));
#2004=DIRECTION('',(0.,0.,1.));
#2005=DIRECTION('',(1.,0.,0.));
#2006=DIRECTION('',(-1.,0.,0.));
#2007=DIRECTION('',(0.,0.,1.));
#2008=DIRECTION('',(1.,0.,0.));
#2009=DIRECTION('',(1.,0.,0.));
#2010=DIRECTION('',(0.,0.,-1.));
#2011=DIRECTION('',(0.,0.,1.));
#2012=DIRECTION('',(0.,0.,1.));
#2013=DIRECTION('',(0.,1.,0.));
#2014=DIRECTION('',(0.,0.,1.));
#2015=DIRECTION('',(0.,0.,-1.));
#2016=DIRECTION('',(0.,0.,1.));
#2017=DIRECTION('',(0.,1.,0.));
#2018=DIRECTION('',(0.,0.,1.));
#2019=DIRECTION('',(0.,0.,1.));
#2020=DIRECTION('',(0.,0.,1.));
#2021=DIRECTION('',(0.,1.,0.));
#2022=DIRECTION('',(0.,0.,1.));
#2023=DIRECTION('',(0.,0.,-1.));
#2024=DIRECTION('',(0.,0.,1.));
#2025=DIRECTION('',(0.,1.,0.));
#2026=DIRECTION('',(0.,0.,1.));
#2027=DIRECTION('',(0.,0.,1.));
#2028=DIRECTION('',(0.,0.,1.));
#2029=DIRECTION('',(1.,0.,0.));
#2030=DIRECTION('',(0.,0.,-1.));
#2031=DIRECTION('',(0.,0.,1.));
#2032=DIRECTION('',(0.,0.,1.));
#2033=DIRECTION('',(0.,0.,-1.));
#2034=DIRECTION('',(-1.,0.,0.));
#2035=DIRECTION('',(0.,0.,-1.));
#2036=DIRECTION('',(-1.,0.,0.));
#2037=DIRECTION('',(0.,0.,-1.));
#2038=DIRECTION('',(-1.,0.,0.));
#2039=DIRECTION('',(0.,0.,-1.));
#2040=DIRECTION('',(-1.,0.,0.));
#2041=DIRECTION('',(0.,0.,1.));
#2042=DIRECTION('',(1.,0.,0.));
#2043=DIRECTION('',(0.,0.,-1.));
#2044=DIRECTION('',(-1.,0.,0.));
#2045=DIRECTION('',(0.,0.,1.));
#2046=DIRECTION('',(1.,0.,0.));
#2047=DIRECTION('',(0.,0.,-1.));
#2048=DIRECTION('',(-1.,0.,0.));
#2049=DIRECTION('',(1.,1.21027219254196E-16,0.));
#2050=DIRECTION('',(-1.21027219254196E-16,1.,0.));
#2051=DIRECTION('',(1.,1.21027219254196E-16,0.));
#2052=DIRECTION('',(-1.21027219254196E-16,1.,0.));
#2053=DIRECTION('',(0.484278277409688,-0.874914024364169,0.));
#2054=DIRECTION('',(0.874914024364169,0.484278277409688,0.));
#2055=DIRECTION('',(0.,0.,1.));
#2056=DIRECTION('',(0.,0.,-1.));
#2057=DIRECTION('',(-0.874914024364169,-0.484278277409688,0.));
#2058=DIRECTION('',(-0.484278277409696,-0.874914024364165,0.));
#2059=DIRECTION('',(0.874914024364165,-0.484278277409696,0.));
#2060=DIRECTION('',(0.,0.,-1.));
#2061=DIRECTION('',(-0.874914024364165,0.484278277409696,0.));
#2062=DIRECTION('',(-1.,5.22789678161118E-15,0.));
#2063=DIRECTION('',(-5.22789678161118E-15,-1.,0.));
#2064=DIRECTION('',(0.,0.,-1.));
#2065=DIRECTION('',(5.22789678161118E-15,1.,0.));
#2066=DIRECTION('',(-0.484278277409682,0.874914024364172,0.));
#2067=DIRECTION('',(-0.874914024364172,-0.484278277409682,0.));
#2068=DIRECTION('',(0.,0.,-1.));
#2069=DIRECTION('',(0.874914024364172,0.484278277409682,0.));
#2070=DIRECTION('',(0.484278277409687,0.874914024364169,0.));
#2071=DIRECTION('',(-0.874914024364169,0.484278277409687,0.));
#2072=DIRECTION('',(0.,0.,-1.));
#2073=DIRECTION('',(0.874914024364169,-0.484278277409687,0.));
#2074=DIRECTION('',(1.,-5.22789678161123E-15,0.));
#2075=DIRECTION('',(5.22789678161123E-15,1.,0.));
#2076=DIRECTION('',(0.,0.,1.));
#2077=DIRECTION('',(-5.22789678161123E-15,-1.,0.));
#2078=DIRECTION('',(0.,0.,-1.));
#2079=DIRECTION('',(1.,0.,0.));
#2080=DIRECTION('',(0.,0.,-1.));
#2081=DIRECTION('',(-1.,0.,0.));
#2082=DIRECTION('',(0.484278277409686,0.87491402436417,0.));
#2083=DIRECTION('',(-0.87491402436417,0.484278277409686,0.));
#2084=DIRECTION('',(0.,0.,-1.));
#2085=DIRECTION('',(0.87491402436417,-0.484278277409686,0.));
#2086=DIRECTION('',(0.,0.,-1.));
#2087=DIRECTION('',(1.,0.,0.));
#2088=DIRECTION('',(0.,0.,-1.));
#2089=DIRECTION('',(0.,0.,-1.));
#2090=DIRECTION('',(0.,-1.,0.));
#2091=DIRECTION('',(0.484278277409691,-0.874914024364167,0.));
#2092=DIRECTION('',(0.874914024364167,0.484278277409691,0.));
#2093=DIRECTION('',(0.,0.,-1.));
#2094=DIRECTION('',(-0.874914024364167,-0.484278277409691,0.));
#2095=DIRECTION('',(-0.484278277409692,-0.874914024364167,0.));
#2096=DIRECTION('',(0.874914024364167,-0.484278277409692,0.));
#2097=DIRECTION('',(0.,0.,1.));
#2098=DIRECTION('',(-0.874914024364167,0.484278277409692,0.));
#2099=DIRECTION('',(-1.,0.,0.));
#2100=DIRECTION('',(0.,0.,1.));
#2101=DIRECTION('',(0.,1.,0.));
#2102=DIRECTION('',(0.,0.,1.));
#2103=DIRECTION('',(0.,0.,-1.));
#2104=DIRECTION('',(-0.484278277409685,0.874914024364171,0.));
#2105=DIRECTION('',(-0.874914024364171,-0.484278277409685,0.));
#2106=DIRECTION('',(0.874914024364171,0.484278277409685,0.));
#2107=DIRECTION('',(0.,0.,-1.));
#2108=DIRECTION('',(1.,0.,0.));
#2109=DIRECTION('',(0.,0.,-1.));
#2110=DIRECTION('',(-1.,0.,0.));
#2111=DIRECTION('',(0.484278277409687,-0.874914024364169,0.));
#2112=DIRECTION('',(0.874914024364169,0.484278277409687,0.));
#2113=DIRECTION('',(0.,0.,-1.));
#2114=DIRECTION('',(-0.874914024364169,-0.484278277409687,0.));
#2115=DIRECTION('',(0.,0.,-1.));
#2116=DIRECTION('',(-0.484278277409682,-0.874914024364172,0.));
#2117=DIRECTION('',(0.874914024364172,-0.484278277409682,0.));
#2118=DIRECTION('',(0.,0.,-1.));
#2119=DIRECTION('',(-0.874914024364172,0.484278277409682,0.));
#2120=DIRECTION('',(-1.,-4.18231742528895E-15,0.));
#2121=DIRECTION('',(4.18231742528895E-15,-1.,0.));
#2122=DIRECTION('',(0.,0.,-1.));
#2123=DIRECTION('',(-4.18231742528895E-15,1.,0.));
#2124=DIRECTION('',(-0.484278277409696,0.874914024364164,0.));
#2125=DIRECTION('',(-0.874914024364164,-0.484278277409696,0.));
#2126=DIRECTION('',(0.,0.,-1.));
#2127=DIRECTION('',(0.874914024364164,0.484278277409696,0.));
#2128=DIRECTION('',(0.484278277409687,0.874914024364169,0.));
#2129=DIRECTION('',(-0.874914024364169,0.484278277409687,0.));
#2130=DIRECTION('',(0.,0.,1.));
#2131=DIRECTION('',(0.874914024364169,-0.484278277409687,0.));
#2132=DIRECTION('',(1.,4.18231742528899E-15,0.));
#2133=DIRECTION('',(-4.18231742528899E-15,1.,0.));
#2134=DIRECTION('',(4.18231742528898E-15,-1.,0.));
#2135=DIRECTION('',(0.,0.,1.));
#2136=DIRECTION('',(0.,0.,-1.));
#2137=DIRECTION('',(1.,0.,0.));
#2138=DIRECTION('',(0.,0.,-1.));
#2139=DIRECTION('',(-1.,0.,0.));
#2140=DIRECTION('',(-0.484278277409684,-0.874914024364171,0.));
#2141=DIRECTION('',(0.874914024364171,-0.484278277409684,0.));
#2142=DIRECTION('',(0.,0.,-1.));
#2143=DIRECTION('',(-0.874914024364171,0.484278277409684,0.));
#2144=DIRECTION('',(0.,0.,-1.));
#2145=DIRECTION('',(-1.,0.,0.));
#2146=DIRECTION('',(0.,0.,1.));
#2147=DIRECTION('',(0.,0.,1.));
#2148=DIRECTION('',(0.,1.,0.));
#2149=DIRECTION('',(-0.484278277409689,0.874914024364168,0.));
#2150=DIRECTION('',(-0.874914024364168,-0.484278277409689,0.));
#2151=DIRECTION('',(0.,0.,1.));
#2152=DIRECTION('',(0.,0.,-1.));
#2153=DIRECTION('',(0.874914024364168,0.484278277409689,0.));
#2154=DIRECTION('',(0.484278277409691,0.874914024364167,0.));
#2155=DIRECTION('',(-0.874914024364167,0.484278277409691,0.));
#2156=DIRECTION('',(0.,0.,-1.));
#2157=DIRECTION('',(0.874914024364167,-0.484278277409691,0.));
#2158=DIRECTION('',(1.,0.,0.));
#2159=DIRECTION('',(0.,0.,-1.));
#2160=DIRECTION('',(0.,0.,-1.));
#2161=DIRECTION('',(0.,-1.,0.));
#2162=DIRECTION('',(0.484278277409686,-0.87491402436417,0.));
#2163=DIRECTION('',(0.87491402436417,0.484278277409686,0.));
#2164=DIRECTION('',(-0.87491402436417,-0.484278277409686,0.));
#2165=DIRECTION('',(0.,0.,-1.));
#2166=DIRECTION('',(1.,0.,0.));
#2167=DIRECTION('',(0.,0.,-1.));
#2168=DIRECTION('',(-1.,0.,0.));
#2169=DIRECTION('',(6.05136096270979E-17,-0.5,0.866025403784439));
#2170=DIRECTION('',(0.,-0.866025403784439,-0.5));
#2171=DIRECTION('',(-6.05136096270979E-17,0.5,-0.866025403784439));
#2172=DIRECTION('',(0.,0.866025403784439,0.5));
#2173=DIRECTION('',(0.,0.,1.));
#2174=DIRECTION('',(1.,0.,0.));
#2175=DIRECTION('',(0.,0.,1.));
#2176=DIRECTION('',(1.,0.,0.));
#2177=DIRECTION('',(0.,0.,1.));
#2178=DIRECTION('',(1.,0.,0.));
#2179=DIRECTION('',(0.,0.,1.));
#2180=DIRECTION('',(1.,0.,0.));
#2181=DIRECTION('',(0.,0.,1.));
#2182=DIRECTION('',(1.,0.,0.));
#2183=DIRECTION('',(0.,0.,1.));
#2184=DIRECTION('',(1.,0.,0.));
#2185=DIRECTION('',(0.,0.,1.));
#2186=DIRECTION('',(1.,0.,0.));
#2187=DIRECTION('',(0.,0.,1.));
#2188=DIRECTION('',(1.,0.,0.));
#2189=DIRECTION('',(0.,0.,1.));
#2190=DIRECTION('',(1.,0.,0.));
#2191=DIRECTION('',(0.,0.,1.));
#2192=DIRECTION('',(1.,0.,0.));
#2193=DIRECTION('',(0.,0.,1.));
#2194=DIRECTION('',(1.,0.,0.));
#2195=DIRECTION('',(0.,0.,1.));
#2196=DIRECTION('',(1.,0.,0.));
#2197=DIRECTION('',(0.,0.,1.));
#2198=DIRECTION('',(1.,0.,0.));
#2199=DIRECTION('',(0.,0.,1.));
#2200=DIRECTION('',(1.,0.,0.));
#2201=DIRECTION('',(0.,0.,1.));
#2202=DIRECTION('',(1.,0.,0.));
#2203=DIRECTION('',(0.,0.,1.));
#2204=DIRECTION('',(1.,0.,0.));
#2205=DIRECTION('',(0.,0.,1.));
#2206=DIRECTION('',(1.,0.,0.));
#2207=DIRECTION('',(0.,0.,1.));
#2208=DIRECTION('',(1.,0.,0.));
#2209=DIRECTION('',(0.,0.,1.));
#2210=DIRECTION('',(1.,0.,0.));
#2211=DIRECTION('',(0.,0.,1.));
#2212=DIRECTION('',(1.,0.,0.));
#2213=DIRECTION('',(0.,0.,1.));
#2214=DIRECTION('',(1.,0.,0.));
#2215=DIRECTION('',(0.,0.,1.));
#2216=DIRECTION('',(1.,0.,0.));
#2217=CARTESIAN_POINT('',(0.,0.,0.));
#2218=CARTESIAN_POINT('',(-0.0385801233881163,-0.0732198827145485,-0.0225));
#2219=CARTESIAN_POINT('',(-0.0385801233881163,-0.0732198827145485,-0.0025));
#2220=CARTESIAN_POINT('',(-0.0369301233881163,-0.0732198827145485,-0.0025));
#2221=CARTESIAN_POINT('',(-0.0385801233881163,-0.0732198827145485,-0.00051));
#2222=CARTESIAN_POINT('',(-0.0369301233881163,-0.0732198827145485,-0.00051));
#2223=CARTESIAN_POINT('',(-0.0385801233881163,-0.0977198827145485,-0.0225));
#2224=CARTESIAN_POINT('',(-0.0385801233881163,-0.0977198827145485,-0.0025));
#2225=CARTESIAN_POINT('',(-0.0369301233881163,-0.0977198827145485,-0.0025));
#2226=CARTESIAN_POINT('',(-0.0385801233881163,-0.0977198827145485,-0.00051));
#2227=CARTESIAN_POINT('',(-0.0369301233881163,-0.0977198827145485,-0.00051));
#2228=CARTESIAN_POINT('',(-0.0173625009953976,-0.0609698827145485,-0.0225));
#2229=CARTESIAN_POINT('',(-0.0173625009953976,-0.0609698827145485,-0.0025));
#2230=CARTESIAN_POINT('',(-0.0157125009953976,-0.0609698827145485,-0.0025));
#2231=CARTESIAN_POINT('',(-0.0173625009953976,-0.0609698827145485,-0.00051));
#2232=CARTESIAN_POINT('',(-0.0157125009953976,-0.0609698827145485,-0.00051));
#2233=CARTESIAN_POINT('',(0.00385512139732118,-0.0732198827145485,-0.0225));
#2234=CARTESIAN_POINT('',(0.00385512139732118,-0.0732198827145485,-0.0025));
#2235=CARTESIAN_POINT('',(0.00550512139732118,-0.0732198827145485,-0.0025));
#2236=CARTESIAN_POINT('',(0.00385512139732118,-0.0732198827145485,-0.00051));
#2237=CARTESIAN_POINT('',(0.00550512139732118,-0.0732198827145485,-0.00051));
#2238=CARTESIAN_POINT('',(0.0038551213973212,-0.0977198827145485,-0.0225));
#2239=CARTESIAN_POINT('',(0.0038551213973212,-0.0977198827145485,-0.0025));
#2240=CARTESIAN_POINT('',(0.0055051213973212,-0.0977198827145485,-0.0025));
#2241=CARTESIAN_POINT('',(0.0038551213973212,-0.0977198827145485,-0.00051));
#2242=CARTESIAN_POINT('',(0.0055051213973212,-0.0977198827145485,-0.00051));
#2243=CARTESIAN_POINT('',(-0.0173625009953976,-0.109969882714548,-0.0225));
#2244=CARTESIAN_POINT('',(-0.0173625009953976,-0.109969882714548,-0.0025));
#2245=CARTESIAN_POINT('',(-0.0157125009953976,-0.109969882714548,-0.0025));
#2246=CARTESIAN_POINT('',(-0.0173625009953976,-0.109969882714548,-0.00051));
#2247=CARTESIAN_POINT('',(-0.0157125009953976,-0.109969882714548,-0.00051));
#2248=CARTESIAN_POINT('',(-0.0173625009953976,-0.060088455427702,-0.0025));
#2249=CARTESIAN_POINT('',(0.0108745245125354,-0.0807832100079969,-0.0025));
#2250=CARTESIAN_POINT('',(0.0108745245125354,-0.0816071905880206,-0.0025));
#2251=CARTESIAN_POINT('',(0.0108745245125354,-0.0791241073626668,-0.0025));
#2252=CARTESIAN_POINT('',(-0.0173625009953976,-0.0854698827145485,-0.0025));
#2253=CARTESIAN_POINT('',(0.010982557263018,-0.082502110430995,-0.0025));
#2254=CARTESIAN_POINT('',(0.0123245245125355,-0.083244909803092,-0.0025));
#2255=CARTESIAN_POINT('',(0.0137745245125355,-0.0840475069528569,-0.0025));
#2256=CARTESIAN_POINT('',(0.0152245245125354,-0.083244909803092,-0.0025));
#2257=CARTESIAN_POINT('',(0.0166745245125355,-0.082442312653327,-0.0025));
#2258=CARTESIAN_POINT('',(0.0166745245125355,-0.0807832100079969,-0.0025));
#2259=CARTESIAN_POINT('',(0.0166745245125355,-0.0791241073626668,-0.0025));
#2260=CARTESIAN_POINT('',(0.0152245245125354,-0.0783215102129019,-0.0025));
#2261=CARTESIAN_POINT('',(0.0137745245125355,-0.0775189130631369,-0.0025));
#2262=CARTESIAN_POINT('',(0.0123245245125355,-0.0783215102129018,-0.0025));
#2263=CARTESIAN_POINT('',(-0.0455995265033305,-0.0901565554211001,-0.0025));
#2264=CARTESIAN_POINT('',(-0.0455995265033305,-0.0893325748410767,-0.0025));
#2265=CARTESIAN_POINT('',(-0.0455995265033305,-0.0918156580664302,-0.0025));
#2266=CARTESIAN_POINT('',(-0.0173625009953976,-0.0854698827145485,-0.0025));
#2267=CARTESIAN_POINT('',(-0.0457075592538131,-0.088437654998102,-0.0025));
#2268=CARTESIAN_POINT('',(-0.0470495265033305,-0.087694855626005,-0.0025));
#2269=CARTESIAN_POINT('',(-0.0484995265033306,-0.0868922584762401,-0.0025));
#2270=CARTESIAN_POINT('',(-0.0499495265033306,-0.087694855626005,-0.0025));
#2271=CARTESIAN_POINT('',(-0.0513995265033305,-0.08849745277577,-0.0025));
#2272=CARTESIAN_POINT('',(-0.0513995265033305,-0.0901565554211001,-0.0025));
#2273=CARTESIAN_POINT('',(-0.0513995265033305,-0.0918156580664302,-0.0025));
#2274=CARTESIAN_POINT('',(-0.0499495265033305,-0.0926182552161952,-0.0025));
#2275=CARTESIAN_POINT('',(-0.0484995265033305,-0.0934208523659601,-0.0025));
#2276=CARTESIAN_POINT('',(-0.0470495265033305,-0.0926182552161952,-0.0025));
#2277=CARTESIAN_POINT('',(0.0117622307630238,-0.0974698827145485,-0.0025));
#2278=CARTESIAN_POINT('',(0.0117622307630238,-0.0944698827145485,-0.0025));
#2279=CARTESIAN_POINT('',(0.00898844678603132,-0.0963270255716914,-0.0025));
#2280=CARTESIAN_POINT('',(-0.0173625009953976,-0.0854698827145485,-0.0025));
#2281=CARTESIAN_POINT('',(-0.0437134487768264,-0.0963270255716914,-0.0025));
#2282=CARTESIAN_POINT('',(-0.046487232753819,-0.0974698827145485,-0.0025));
#2283=CARTESIAN_POINT('',(-0.046487232753819,-0.0944698827145485,-0.0025));
#2284=CARTESIAN_POINT('',(-0.0490915412778391,-0.0944698827145485,-0.0025));
#2285=CARTESIAN_POINT('',(-0.0507789469943008,-0.0944698827145485,-0.0025));
#2286=CARTESIAN_POINT('',(-0.0507789469943008,-0.0914698827145485,-0.0025));
#2287=CARTESIAN_POINT('',(-0.0537789469943008,-0.0914698827145485,-0.0025));
#2288=CARTESIAN_POINT('',(-0.0537789469943008,-0.0854698827145485,-0.0025));
#2289=CARTESIAN_POINT('',(-0.0537789469943008,-0.0794698827145485,-0.0025));
#2290=CARTESIAN_POINT('',(-0.0507789469943008,-0.0794698827145485,-0.0025));
#2291=CARTESIAN_POINT('',(-0.0507789469943008,-0.0764698827145485,-0.0025));
#2292=CARTESIAN_POINT('',(-0.0490915412778391,-0.0764698827145485,-0.0025));
#2293=CARTESIAN_POINT('',(-0.046487232753819,-0.0764698827145485,-0.0025));
#2294=CARTESIAN_POINT('',(-0.046487232753819,-0.0734698827145485,-0.0025));
#2295=CARTESIAN_POINT('',(-0.0437134487768264,-0.0746127398574056,-0.0025));
#2296=CARTESIAN_POINT('',(-0.0173625009953976,-0.0854698827145485,-0.0025));
#2297=CARTESIAN_POINT('',(-0.043230309549371,-0.0735071706217587,-0.0025));
#2298=CARTESIAN_POINT('',(-0.0861548603624026,-0.0536564731025924,-0.0025));
#2299=CARTESIAN_POINT('',(-0.0388625009953974,-0.0536564731025924,-0.0025));
#2300=CARTESIAN_POINT('',(-0.0388625009953976,-0.0299317506217239,-0.0025));
#2301=CARTESIAN_POINT('',(-0.0388625009953976,-0.00727882491057991,-0.0025));
#2302=CARTESIAN_POINT('',(-0.0173625009953976,-0.00727882491057991,-0.0025));
#2303=CARTESIAN_POINT('',(0.00413749900460226,-0.0072788249105799,-0.0025));
#2304=CARTESIAN_POINT('',(0.00413749900460227,-0.0299317506217239,-0.0025));
#2305=CARTESIAN_POINT('',(0.00413749900460226,-0.0536564731025924,-0.0025));
#2306=CARTESIAN_POINT('',(0.0514298583716075,-0.0536564731025924,-0.0025));
#2307=CARTESIAN_POINT('',(0.00850530755857584,-0.0735071706217587,-0.0025));
#2308=CARTESIAN_POINT('',(-0.0173625009953976,-0.0854698827145485,-0.0025));
#2309=CARTESIAN_POINT('',(0.00898844678603132,-0.0746127398574056,-0.0025));
#2310=CARTESIAN_POINT('',(0.0117622307630238,-0.0734698827145485,-0.0025));
#2311=CARTESIAN_POINT('',(0.0117622307630238,-0.0764698827145485,-0.0025));
#2312=CARTESIAN_POINT('',(0.014366539287044,-0.0764698827145485,-0.0025));
#2313=CARTESIAN_POINT('',(0.0160539450035057,-0.0764698827145485,-0.0025));
#2314=CARTESIAN_POINT('',(0.0160539450035057,-0.0794698827145485,-0.0025));
#2315=CARTESIAN_POINT('',(0.0190539450035056,-0.0794698827145485,-0.0025));
#2316=CARTESIAN_POINT('',(0.0190539450035056,-0.0854698827145485,-0.0025));
#2317=CARTESIAN_POINT('',(0.0190539450035056,-0.0914698827145485,-0.0025));
#2318=CARTESIAN_POINT('',(0.0160539450035057,-0.0914698827145485,-0.0025));
#2319=CARTESIAN_POINT('',(0.0160539450035057,-0.0944698827145485,-0.0025));
#2320=CARTESIAN_POINT('',(0.014366539287044,-0.0944698827145485,-0.0025));
#2321=CARTESIAN_POINT('',(-0.0470495265033306,-0.083244909803092,-0.0025));
#2322=CARTESIAN_POINT('',(-0.0484995265033306,-0.0840475069528569,-0.0025));
#2323=CARTESIAN_POINT('',(-0.0457075592538131,-0.082502110430995,-0.0025));
#2324=CARTESIAN_POINT('',(-0.0173625009953976,-0.0854698827145485,-0.0025));
#2325=CARTESIAN_POINT('',(-0.0455995265033306,-0.0816071905880205,-0.0025));
#2326=CARTESIAN_POINT('',(-0.0455995265033306,-0.0807832100079969,-0.0025));
#2327=CARTESIAN_POINT('',(-0.0455995265033306,-0.0791241073626668,-0.0025));
#2328=CARTESIAN_POINT('',(-0.0470495265033306,-0.0783215102129018,-0.0025));
#2329=CARTESIAN_POINT('',(-0.0484995265033306,-0.0775189130631369,-0.0025));
#2330=CARTESIAN_POINT('',(-0.0499495265033306,-0.0783215102129018,-0.0025));
#2331=CARTESIAN_POINT('',(-0.0513995265033306,-0.0791241073626668,-0.0025));
#2332=CARTESIAN_POINT('',(-0.0513995265033306,-0.0807832100079969,-0.0025));
#2333=CARTESIAN_POINT('',(-0.0513995265033306,-0.082442312653327,-0.0025));
#2334=CARTESIAN_POINT('',(-0.0499495265033306,-0.083244909803092,-0.0025));
#2335=CARTESIAN_POINT('',(0.0123245245125354,-0.087694855626005,-0.0025));
#2336=CARTESIAN_POINT('',(0.0137745245125355,-0.0868922584762401,-0.0025));
#2337=CARTESIAN_POINT('',(0.010982557263018,-0.088437654998102,-0.0025));
#2338=CARTESIAN_POINT('',(-0.0173625009953976,-0.0854698827145485,-0.0025));
#2339=CARTESIAN_POINT('',(0.0108745245125354,-0.0893325748410766,-0.0025));
#2340=CARTESIAN_POINT('',(0.0108745245125354,-0.0901565554211001,-0.0025));
#2341=CARTESIAN_POINT('',(0.0108745245125354,-0.0918156580664302,-0.0025));
#2342=CARTESIAN_POINT('',(0.0123245245125354,-0.0926182552161952,-0.0025));
#2343=CARTESIAN_POINT('',(0.0137745245125354,-0.0934208523659601,-0.0025));
#2344=CARTESIAN_POINT('',(0.0152245245125354,-0.0926182552161952,-0.0025));
#2345=CARTESIAN_POINT('',(0.0166745245125354,-0.0918156580664302,-0.0025));
#2346=CARTESIAN_POINT('',(0.0166745245125355,-0.0901565554211001,-0.0025));
#2347=CARTESIAN_POINT('',(0.0166745245125355,-0.08849745277577,-0.0025));
#2348=CARTESIAN_POINT('',(0.0152245245125354,-0.087694855626005,-0.0025));
#2349=CARTESIAN_POINT('',(-0.0173625009953976,-0.0854698827145485,-0.0025));
#2350=CARTESIAN_POINT('',(0.00013749900460245,-0.0854698827145485,-0.0025));
#2351=CARTESIAN_POINT('',(-0.0484995265033306,-0.0807832100079969,-0.002502));
#2352=CARTESIAN_POINT('',(-0.0484995265033306,-0.0807832100079969,0.0025));
#2353=CARTESIAN_POINT('',(-0.0468995265033306,-0.0807832100079969,0.0025));
#2354=CARTESIAN_POINT('',(-0.0484995265033306,-0.0807832100079969,-0.0005));
#2355=CARTESIAN_POINT('',(-0.0468995265033306,-0.0807832100079969,-0.0005));
#2356=CARTESIAN_POINT('',(-0.0484995265033306,-0.0901565554211001,-0.002502));
#2357=CARTESIAN_POINT('',(-0.0484995265033306,-0.0901565554211001,0.0025));
#2358=CARTESIAN_POINT('',(-0.0468995265033306,-0.0901565554211001,0.0025));
#2359=CARTESIAN_POINT('',(-0.0484995265033306,-0.0901565554211001,-0.0005));
#2360=CARTESIAN_POINT('',(-0.0468995265033306,-0.0901565554211001,-0.0005));
#2361=CARTESIAN_POINT('',(0.0137745245125355,-0.0807832100079969,-0.002502));
#2362=CARTESIAN_POINT('',(0.0137745245125355,-0.0807832100079969,0.0025));
#2363=CARTESIAN_POINT('',(0.0153745245125355,-0.0807832100079969,0.0025));
#2364=CARTESIAN_POINT('',(0.0137745245125355,-0.0807832100079969,-0.0005));
#2365=CARTESIAN_POINT('',(0.0153745245125355,-0.0807832100079969,-0.0005));
#2366=CARTESIAN_POINT('',(0.0137745245125355,-0.0901565554211001,-0.002502));
#2367=CARTESIAN_POINT('',(0.0137745245125355,-0.0901565554211001,0.0025));
#2368=CARTESIAN_POINT('',(0.0153745245125355,-0.0901565554211001,0.0025));
#2369=CARTESIAN_POINT('',(0.0137745245125355,-0.0901565554211001,-0.0005));
#2370=CARTESIAN_POINT('',(0.0153745245125355,-0.0901565554211001,-0.0005));
#2371=CARTESIAN_POINT('',(-0.0173625009953976,-0.0854698827145485,0.0025));
#2372=CARTESIAN_POINT('',(-0.0173625009953976,-0.0854698827145485,0.0025));
#2373=CARTESIAN_POINT('',(0.00898844678603132,-0.0746127398574056,0.0025));
#2374=CARTESIAN_POINT('',(0.00850530755857584,-0.0735071706217587,0.0025));
#2375=CARTESIAN_POINT('',(0.00898844678603132,-0.0746127398574056,0.0025));
#2376=CARTESIAN_POINT('',(0.00850530755857584,-0.0735071706217587,0.0025));
#2377=CARTESIAN_POINT('',(-0.0173625009953976,-0.0854698827145485,0.0025));
#2378=CARTESIAN_POINT('',(0.00898844678603132,-0.0963270255716914,0.0025));
#2379=CARTESIAN_POINT('',(0.00898844678603132,-0.0963270255716914,0.0025));
#2380=CARTESIAN_POINT('',(-0.0173625009953976,-0.0854698827145485,0.0025));
#2381=CARTESIAN_POINT('',(-0.0437134487768264,-0.0963270255716914,0.0025));
#2382=CARTESIAN_POINT('',(-0.0437134487768264,-0.0963270255716914,0.0025));
#2383=CARTESIAN_POINT('',(-0.0173625009953976,-0.0854698827145485,0.0025));
#2384=CARTESIAN_POINT('',(-0.0173625009953976,-0.0854698827145485,0.001));
#2385=CARTESIAN_POINT('',(0.00013749900460245,-0.0854698827145485,0.001));
#2386=CARTESIAN_POINT('',(0.00413749900460243,0.00991251804051003,0.0125801270189222));
#2387=CARTESIAN_POINT('',(0.00413749900460243,0.01241251804051,0.00825));
#2388=CARTESIAN_POINT('',(0.00413749900460243,0.0267019372029533,0.0165));
#2389=CARTESIAN_POINT('',(0.00413749900460243,-0.0052788249105799,-0.00196410161513775));
#2390=CARTESIAN_POINT('',(0.00413749900460243,0.0242019372029533,0.0208301270189222));
#2391=CARTESIAN_POINT('',(0.00413749900460243,0.0242019372029533,0.0208301270189222));
#2392=CARTESIAN_POINT('',(0.00413749900460243,0.00991251804051003,0.0125801270189222));
#2393=CARTESIAN_POINT('',(0.00413749900460243,-0.00661857087273551,0.00303589838486225));
#2394=CARTESIAN_POINT('',(0.00413749900460243,-0.00861857087273551,0.0065));
#2395=CARTESIAN_POINT('',(0.00413749900460226,-0.00861857087273551,0.0025));
#2396=CARTESIAN_POINT('',(0.00413749900460227,-0.0299317506217239,0.0025));
#2397=CARTESIAN_POINT('',(0.00413749900460226,-0.0536564731025924,0.0025));
#2398=CARTESIAN_POINT('',(0.00413749900460226,-0.0536564731025924,0.0025));
#2399=CARTESIAN_POINT('',(0.00413749900460243,-0.0072788249105799,0.0015));
#2400=CARTESIAN_POINT('',(-0.0173625009953976,0.0285320642218754,0.0233301270189221));
#2401=CARTESIAN_POINT('',(-0.0173625009953976,0.0310320642218755,0.019));
#2402=CARTESIAN_POINT('',(-0.0338625009953976,0.0310320642218755,0.019));
#2403=CARTESIAN_POINT('',(-0.000862500995397565,0.0310320642218755,0.019));
#2404=CARTESIAN_POINT('',(-0.0338625009953976,0.0285320642218754,0.0233301270189221));
#2405=CARTESIAN_POINT('',(-0.0338625009953976,0.0285320642218754,0.0233301270189221));
#2406=CARTESIAN_POINT('',(-0.0173625009953976,0.0285320642218754,0.0233301270189221));
#2407=CARTESIAN_POINT('',(-0.000862500995397565,0.0285320642218755,0.0233301270189221));
#2408=CARTESIAN_POINT('',(-0.000862500995397565,0.0285320642218755,0.0233301270189221));
#2409=CARTESIAN_POINT('',(-0.0388625009953976,0.00991251804051003,0.0125801270189222));
#2410=CARTESIAN_POINT('',(-0.0388625009953976,0.00991251804051003,0.0125801270189222));
#2411=CARTESIAN_POINT('',(-0.0388625009953976,0.0242019372029532,0.0208301270189222));
#2412=CARTESIAN_POINT('',(-0.0388625009953976,-0.00661857087273552,0.00303589838486225));
#2413=CARTESIAN_POINT('',(-0.0388625009953976,0.0267019372029532,0.0165));
#2414=CARTESIAN_POINT('',(-0.0388625009953976,0.0267019372029532,0.0165));
#2415=CARTESIAN_POINT('',(-0.0388625009953976,0.01241251804051,0.00825));
#2416=CARTESIAN_POINT('',(-0.0388625009953976,-0.00527882491057991,-0.00196410161513776));
#2417=CARTESIAN_POINT('',(-0.0388625009953976,-0.00727882491057991,0.0015));
#2418=CARTESIAN_POINT('',(-0.0388625009953974,-0.0536564731025924,0.0025));
#2419=CARTESIAN_POINT('',(-0.0388625009953974,-0.0536564731025924,0.0025));
#2420=CARTESIAN_POINT('',(-0.0388625009953976,-0.0299317506217239,0.0025));
#2421=CARTESIAN_POINT('',(-0.0388625009953976,-0.00861857087273552,0.0025));
#2422=CARTESIAN_POINT('',(-0.0388625009953976,-0.00861857087273552,0.0065));
#2423=CARTESIAN_POINT('',(-0.0273625009953976,0.00991251804051003,0.0125801270189222));
#2424=CARTESIAN_POINT('',(-0.0273625009953976,0.00991251804051003,0.0125801270189222));
#2425=CARTESIAN_POINT('',(-0.0257625009953975,0.00991251804051003,0.0125801270189222));
#2426=CARTESIAN_POINT('',(-0.0273625009953976,0.01241251804051,0.00825));
#2427=CARTESIAN_POINT('',(-0.0257625009953975,0.01241251804051,0.00825));
#2428=CARTESIAN_POINT('',(-0.00736250099539757,0.00991251804051003,0.0125801270189222));
#2429=CARTESIAN_POINT('',(-0.00736250099539757,0.00991251804051003,0.0125801270189222));
#2430=CARTESIAN_POINT('',(-0.00576250099539757,0.00991251804051003,0.0125801270189222));
#2431=CARTESIAN_POINT('',(-0.00736250099539757,0.01241251804051,0.00825));
#2432=CARTESIAN_POINT('',(-0.00576250099539757,0.01241251804051,0.00825));
#2433=CARTESIAN_POINT('',(-0.0173625009953976,0.00991251804051004,0.0125801270189222));
#2434=CARTESIAN_POINT('',(-0.0338625009953976,0.0242019372029532,0.0208301270189222));
#2435=CARTESIAN_POINT('',(0.00413749900460243,-0.00661857087273551,0.00303589838486225));
#2436=CARTESIAN_POINT('',(-0.000862500995397565,0.0242019372029533,0.0208301270189222));
#2437=CARTESIAN_POINT('',(-0.0173625009953976,0.01241251804051,0.00825));
#2438=CARTESIAN_POINT('',(-0.0338625009953976,0.0267019372029532,0.0165));
#2439=CARTESIAN_POINT('',(-0.000862500995397566,0.0267019372029533,0.0165));
#2440=CARTESIAN_POINT('',(-0.0173625009953976,-0.00527882491057991,-0.00196410161513776));
#2441=CARTESIAN_POINT('',(-0.0861548603624026,-0.0536564731025924,0.0025));
#2442=CARTESIAN_POINT('',(-0.043230309549371,-0.0735071706217587,0.0025));
#2443=CARTESIAN_POINT('',(-0.043230309549371,-0.0735071706217587,0.0025));
#2444=CARTESIAN_POINT('',(-0.0861548603624026,-0.0536564731025924,0.0025));
#2445=CARTESIAN_POINT('',(-0.0173625009953976,-0.0854698827145485,0.0025));
#2446=CARTESIAN_POINT('',(-0.0437134487768264,-0.0746127398574056,0.0025));
#2447=CARTESIAN_POINT('',(-0.0437134487768264,-0.0746127398574056,0.0025));
#2448=CARTESIAN_POINT('',(-0.0173625009953976,-0.0854698827145485,0.0025));
#2449=CARTESIAN_POINT('',(0.0514298583716075,-0.0536564731025924,0.0025));
#2450=CARTESIAN_POINT('',(0.0514298583716075,-0.0536564731025924,0.0025));
#2451=CARTESIAN_POINT('',(-0.0173625009953976,-0.060088455427702,0.0025));
#2452=CARTESIAN_POINT('',(0.00385512139732118,-0.0732198827145485,0.0025));
#2453=CARTESIAN_POINT('',(0.00673012139732118,-0.0732198827145485,0.0025));
#2454=CARTESIAN_POINT('',(-0.0173625009953976,-0.0609698827145485,0.0025));
#2455=CARTESIAN_POINT('',(-0.0144875009953976,-0.0609698827145485,0.0025));
#2456=CARTESIAN_POINT('',(-0.0385801233881163,-0.0732198827145485,0.0025));
#2457=CARTESIAN_POINT('',(-0.0357051233881163,-0.0732198827145485,0.0025));
#2458=CARTESIAN_POINT('',(-0.0385801233881163,-0.0977198827145485,0.0025));
#2459=CARTESIAN_POINT('',(-0.0357051233881163,-0.0977198827145485,0.0025));
#2460=CARTESIAN_POINT('',(-0.0173625009953976,-0.109969882714548,0.0025));
#2461=CARTESIAN_POINT('',(-0.0144875009953976,-0.109969882714548,0.0025));
#2462=CARTESIAN_POINT('',(0.0038551213973212,-0.0977198827145485,0.0025));
#2463=CARTESIAN_POINT('',(0.0067301213973212,-0.0977198827145485,0.0025));
#2464=CARTESIAN_POINT('',(0.0117622307630238,-0.0734698827145485,0.0025));
#2465=CARTESIAN_POINT('',(0.0117622307630238,-0.0764698827145485,0.0025));
#2466=CARTESIAN_POINT('',(-0.0388625009953976,-0.00861857087273552,0.0025));
#2467=CARTESIAN_POINT('',(-0.046487232753819,-0.0734698827145485,0.0025));
#2468=CARTESIAN_POINT('',(-0.046487232753819,-0.0764698827145485,0.0025));
#2469=CARTESIAN_POINT('',(-0.0490915412778391,-0.0764698827145485,0.0025));
#2470=CARTESIAN_POINT('',(-0.0507789469943008,-0.0764698827145485,0.0025));
#2471=CARTESIAN_POINT('',(-0.0507789469943008,-0.0794698827145485,0.0025));
#2472=CARTESIAN_POINT('',(-0.0537789469943008,-0.0794698827145485,0.0025));
#2473=CARTESIAN_POINT('',(-0.0537789469943008,-0.0854698827145485,0.0025));
#2474=CARTESIAN_POINT('',(-0.0537789469943008,-0.0914698827145485,0.0025));
#2475=CARTESIAN_POINT('',(-0.0507789469943008,-0.0914698827145485,0.0025));
#2476=CARTESIAN_POINT('',(-0.0507789469943008,-0.0944698827145485,0.0025));
#2477=CARTESIAN_POINT('',(-0.0490915412778391,-0.0944698827145485,0.0025));
#2478=CARTESIAN_POINT('',(-0.046487232753819,-0.0944698827145485,0.0025));
#2479=CARTESIAN_POINT('',(-0.046487232753819,-0.0974698827145485,0.0025));
#2480=CARTESIAN_POINT('',(0.0117622307630238,-0.0974698827145485,0.0025));
#2481=CARTESIAN_POINT('',(0.0117622307630238,-0.0944698827145485,0.0025));
#2482=CARTESIAN_POINT('',(0.014366539287044,-0.0944698827145485,0.0025));
#2483=CARTESIAN_POINT('',(0.0160539450035057,-0.0944698827145485,0.0025));
#2484=CARTESIAN_POINT('',(0.0160539450035057,-0.0914698827145485,0.0025));
#2485=CARTESIAN_POINT('',(0.0190539450035056,-0.0914698827145485,0.0025));
#2486=CARTESIAN_POINT('',(0.0190539450035056,-0.0854698827145485,0.0025));
#2487=CARTESIAN_POINT('',(0.0190539450035056,-0.0794698827145485,0.0025));
#2488=CARTESIAN_POINT('',(0.0160539450035057,-0.0794698827145485,0.0025));
#2489=CARTESIAN_POINT('',(0.0160539450035057,-0.0764698827145485,0.0025));
#2490=CARTESIAN_POINT('',(0.014366539287044,-0.0764698827145485,0.0025));
#2491=CARTESIAN_POINT('',(-0.0173625009953976,-0.060088455427702,0.001));
#2492=CARTESIAN_POINT('',(-0.0537789469943008,-0.0854698827145485,-0.002502));
#2493=CARTESIAN_POINT('',(-0.0537789469943008,-0.0914698827145485,-0.002502));
#2494=CARTESIAN_POINT('',(-0.0537789469943008,-0.0794698827145485,-0.0025));
#2495=CARTESIAN_POINT('',(-0.0490915412778391,-0.0764698827145485,-0.002502));
#2496=CARTESIAN_POINT('',(-0.046487232753819,-0.0764698827145485,-0.002502));
#2497=CARTESIAN_POINT('',(-0.0507789469943008,-0.0764698827145485,0.0025));
#2498=CARTESIAN_POINT('',(-0.0490915412778391,-0.0944698827145485,-0.002502));
#2499=CARTESIAN_POINT('',(-0.046487232753819,-0.0944698827145485,0.0025));
#2500=CARTESIAN_POINT('',(-0.0507789469943008,-0.0944698827145485,-0.002502));
#2501=CARTESIAN_POINT('',(0.014366539287044,-0.0764698827145485,-0.002502));
#2502=CARTESIAN_POINT('',(0.0117622307630238,-0.0764698827145485,-0.002502));
#2503=CARTESIAN_POINT('',(0.0160539450035057,-0.0764698827145485,-0.002502));
#2504=CARTESIAN_POINT('',(0.014366539287044,-0.0944698827145485,-0.002502));
#2505=CARTESIAN_POINT('',(0.0117622307630238,-0.0944698827145485,-0.0025));
#2506=CARTESIAN_POINT('',(0.0160539450035057,-0.0944698827145485,0.0025));
#2507=CARTESIAN_POINT('',(0.0190539450035056,-0.0854698827145485,-0.002502));
#2508=CARTESIAN_POINT('',(0.0190539450035056,-0.0914698827145485,-0.0025));
#2509=CARTESIAN_POINT('',(0.0190539450035056,-0.0794698827145485,-0.002502));
#2510=CARTESIAN_POINT('',(0.0117622307630238,-0.0734698827145485,0.0025));
#2511=CARTESIAN_POINT('',(-0.046487232753819,-0.0734698827145485,0.0025));
#2512=CARTESIAN_POINT('',(0.0117622307630238,-0.0974698827145485,0.0025));
#2513=CARTESIAN_POINT('',(0.0160539450035057,-0.0914698827145485,-0.002502));
#2514=CARTESIAN_POINT('',(0.0160539450035057,-0.0794698827145485,-0.002502));
#2515=CARTESIAN_POINT('',(-0.046487232753819,-0.0974698827145485,0.0025));
#2516=CARTESIAN_POINT('',(-0.0507789469943008,-0.0914698827145485,-0.002502));
#2517=CARTESIAN_POINT('',(-0.0507789469943008,-0.0794698827145485,-0.002502));
#2518=CARTESIAN_POINT('',(-0.0173625009953976,-0.00861857087273552,0.0065));
#2519=CARTESIAN_POINT('',(-0.0173625009953976,-0.00727882491057991,0.0015));
#2520=CARTESIAN_POINT('',(0.0123245245125354,-0.087694855626005,-0.0005));
#2521=CARTESIAN_POINT('',(0.010982557263018,-0.088437654998102,-0.002502));
#2522=CARTESIAN_POINT('',(0.010982557263018,-0.088437654998102,-0.0005));
#2523=CARTESIAN_POINT('',(0.0137745245125355,-0.0868922584762401,-0.0005));
#2524=CARTESIAN_POINT('',(0.0137745245125355,-0.0868922584762401,-0.0005));
#2525=CARTESIAN_POINT('',(0.0123245245125354,-0.087694855626005,-0.0005));
#2526=CARTESIAN_POINT('',(0.0152245245125354,-0.087694855626005,-0.0005));
#2527=CARTESIAN_POINT('',(0.0166745245125355,-0.08849745277577,-0.0005));
#2528=CARTESIAN_POINT('',(0.0166745245125355,-0.08849745277577,-0.0005));
#2529=CARTESIAN_POINT('',(0.0152245245125354,-0.087694855626005,-0.0005));
#2530=CARTESIAN_POINT('',(0.0166745245125355,-0.0901565554211001,-0.0005));
#2531=CARTESIAN_POINT('',(0.0166745245125354,-0.0918156580664302,-0.0005));
#2532=CARTESIAN_POINT('',(0.0166745245125354,-0.0918156580664302,-0.0005));
#2533=CARTESIAN_POINT('',(0.0166745245125355,-0.0901565554211001,-0.0005));
#2534=CARTESIAN_POINT('',(0.0152245245125354,-0.0926182552161952,-0.0005));
#2535=CARTESIAN_POINT('',(0.0137745245125354,-0.0934208523659601,-0.0005));
#2536=CARTESIAN_POINT('',(0.0137745245125354,-0.0934208523659601,-0.0005));
#2537=CARTESIAN_POINT('',(0.0152245245125354,-0.0926182552161952,-0.0005));
#2538=CARTESIAN_POINT('',(0.0123245245125354,-0.0926182552161952,-0.0005));
#2539=CARTESIAN_POINT('',(0.0108745245125354,-0.0918156580664302,-0.0005));
#2540=CARTESIAN_POINT('',(0.0108745245125354,-0.0918156580664302,-0.0005));
#2541=CARTESIAN_POINT('',(0.0123245245125354,-0.0926182552161952,-0.0005));
#2542=CARTESIAN_POINT('',(0.0108745245125354,-0.0901565554211001,-0.0005));
#2543=CARTESIAN_POINT('',(0.0108745245125354,-0.0893325748410766,-0.002502));
#2544=CARTESIAN_POINT('',(0.0108745245125354,-0.0893325748410766,-0.0005));
#2545=CARTESIAN_POINT('',(0.0108745245125354,-0.0901565554211001,-0.0005));
#2546=CARTESIAN_POINT('',(-0.0173625009953976,-0.0606243538125642,-0.0005));
#2547=CARTESIAN_POINT('',(-0.0173625009953976,-0.0854698827145485,-0.0005));
#2548=CARTESIAN_POINT('',(0.0152245245125354,-0.0783215102129019,-0.0005));
#2549=CARTESIAN_POINT('',(0.0166745245125355,-0.0791241073626668,-0.0005));
#2550=CARTESIAN_POINT('',(0.0166745245125355,-0.0791241073626668,-0.0005));
#2551=CARTESIAN_POINT('',(0.0152245245125354,-0.0783215102129019,-0.0005));
#2552=CARTESIAN_POINT('',(0.0137745245125355,-0.0775189130631369,-0.0005));
#2553=CARTESIAN_POINT('',(0.0137745245125355,-0.0775189130631369,-0.0005));
#2554=CARTESIAN_POINT('',(0.0166745245125355,-0.0807832100079969,-0.0005));
#2555=CARTESIAN_POINT('',(0.0166745245125355,-0.082442312653327,-0.0005));
#2556=CARTESIAN_POINT('',(0.0166745245125355,-0.082442312653327,-0.0005));
#2557=CARTESIAN_POINT('',(0.0166745245125355,-0.0807832100079969,-0.0005));
#2558=CARTESIAN_POINT('',(0.0152245245125354,-0.083244909803092,-0.0005));
#2559=CARTESIAN_POINT('',(0.0137745245125355,-0.0840475069528569,-0.0005));
#2560=CARTESIAN_POINT('',(0.0137745245125355,-0.0840475069528569,-0.0005));
#2561=CARTESIAN_POINT('',(0.0152245245125354,-0.083244909803092,-0.0005));
#2562=CARTESIAN_POINT('',(0.0123245245125355,-0.083244909803092,-0.0005));
#2563=CARTESIAN_POINT('',(0.010982557263018,-0.082502110430995,-0.002502));
#2564=CARTESIAN_POINT('',(0.010982557263018,-0.082502110430995,-0.0005));
#2565=CARTESIAN_POINT('',(0.0123245245125355,-0.083244909803092,-0.0005));
#2566=CARTESIAN_POINT('',(0.0108745245125354,-0.0807832100079969,-0.0005));
#2567=CARTESIAN_POINT('',(0.0108745245125354,-0.0807832100079969,-0.0005));
#2568=CARTESIAN_POINT('',(0.0108745245125354,-0.0816071905880206,-0.0005));
#2569=CARTESIAN_POINT('',(0.0108745245125354,-0.0791241073626668,-0.0005));
#2570=CARTESIAN_POINT('',(0.0108745245125354,-0.0816071905880206,-0.002502));
#2571=CARTESIAN_POINT('',(0.0108745245125354,-0.0791241073626668,-0.0005));
#2572=CARTESIAN_POINT('',(0.0123245245125355,-0.0783215102129018,-0.0005));
#2573=CARTESIAN_POINT('',(0.0123245245125355,-0.0783215102129018,-0.0005));
#2574=CARTESIAN_POINT('',(-0.0173625009953976,-0.0606243538125642,-0.0005));
#2575=CARTESIAN_POINT('',(-0.0173625009953976,-0.0854698827145485,-0.0005));
#2576=CARTESIAN_POINT('',(-0.0470495265033305,-0.0926182552161952,-0.0005));
#2577=CARTESIAN_POINT('',(-0.0484995265033305,-0.0934208523659601,-0.0005));
#2578=CARTESIAN_POINT('',(-0.0484995265033305,-0.0934208523659601,-0.0005));
#2579=CARTESIAN_POINT('',(-0.0470495265033305,-0.0926182552161952,-0.0005));
#2580=CARTESIAN_POINT('',(-0.0455995265033305,-0.0918156580664302,-0.0005));
#2581=CARTESIAN_POINT('',(-0.0455995265033305,-0.0918156580664302,-0.0005));
#2582=CARTESIAN_POINT('',(-0.0499495265033305,-0.0926182552161952,-0.0005));
#2583=CARTESIAN_POINT('',(-0.0513995265033305,-0.0918156580664302,-0.0005));
#2584=CARTESIAN_POINT('',(-0.0513995265033305,-0.0918156580664302,-0.0005));
#2585=CARTESIAN_POINT('',(-0.0499495265033305,-0.0926182552161952,-0.0005));
#2586=CARTESIAN_POINT('',(-0.0513995265033305,-0.0901565554211001,-0.0005));
#2587=CARTESIAN_POINT('',(-0.0513995265033305,-0.08849745277577,-0.0005));
#2588=CARTESIAN_POINT('',(-0.0513995265033305,-0.08849745277577,-0.0005));
#2589=CARTESIAN_POINT('',(-0.0513995265033305,-0.0901565554211001,-0.0005));
#2590=CARTESIAN_POINT('',(-0.0499495265033306,-0.087694855626005,-0.0005));
#2591=CARTESIAN_POINT('',(-0.0484995265033306,-0.0868922584762401,-0.0005));
#2592=CARTESIAN_POINT('',(-0.0484995265033306,-0.0868922584762401,-0.0005));
#2593=CARTESIAN_POINT('',(-0.0499495265033306,-0.087694855626005,-0.0005));
#2594=CARTESIAN_POINT('',(-0.0470495265033305,-0.087694855626005,-0.0005));
#2595=CARTESIAN_POINT('',(-0.0457075592538131,-0.088437654998102,-0.002502));
#2596=CARTESIAN_POINT('',(-0.0457075592538131,-0.088437654998102,-0.0005));
#2597=CARTESIAN_POINT('',(-0.0470495265033305,-0.087694855626005,-0.0005));
#2598=CARTESIAN_POINT('',(-0.0455995265033305,-0.0901565554211001,-0.0005));
#2599=CARTESIAN_POINT('',(-0.0455995265033305,-0.0901565554211001,-0.0005));
#2600=CARTESIAN_POINT('',(-0.0455995265033305,-0.0893325748410767,-0.0005));
#2601=CARTESIAN_POINT('',(-0.0455995265033305,-0.0893325748410767,-0.002502));
#2602=CARTESIAN_POINT('',(-0.0173625009953976,-0.0606243538125642,-0.0005));
#2603=CARTESIAN_POINT('',(-0.0173625009953976,-0.0854698827145485,-0.0005));
#2604=CARTESIAN_POINT('',(-0.0470495265033306,-0.0783215102129018,-0.0005));
#2605=CARTESIAN_POINT('',(-0.0455995265033306,-0.0791241073626668,-0.0005));
#2606=CARTESIAN_POINT('',(-0.0455995265033306,-0.0791241073626668,-0.0005));
#2607=CARTESIAN_POINT('',(-0.0470495265033306,-0.0783215102129018,-0.0005));
#2608=CARTESIAN_POINT('',(-0.0484995265033306,-0.0775189130631369,-0.0005));
#2609=CARTESIAN_POINT('',(-0.0484995265033306,-0.0775189130631369,-0.0005));
#2610=CARTESIAN_POINT('',(-0.0455995265033306,-0.0807832100079969,-0.0005));
#2611=CARTESIAN_POINT('',(-0.0455995265033306,-0.0816071905880205,-0.002502));
#2612=CARTESIAN_POINT('',(-0.0455995265033306,-0.0816071905880205,-0.0005));
#2613=CARTESIAN_POINT('',(-0.0455995265033306,-0.0807832100079969,-0.0005));
#2614=CARTESIAN_POINT('',(-0.0470495265033306,-0.083244909803092,-0.0005));
#2615=CARTESIAN_POINT('',(-0.0457075592538131,-0.082502110430995,-0.002502));
#2616=CARTESIAN_POINT('',(-0.0457075592538131,-0.082502110430995,-0.0005));
#2617=CARTESIAN_POINT('',(-0.0484995265033306,-0.0840475069528569,-0.0005));
#2618=CARTESIAN_POINT('',(-0.0484995265033306,-0.0840475069528569,-0.0005));
#2619=CARTESIAN_POINT('',(-0.0470495265033306,-0.083244909803092,-0.0005));
#2620=CARTESIAN_POINT('',(-0.0499495265033306,-0.083244909803092,-0.0005));
#2621=CARTESIAN_POINT('',(-0.0513995265033306,-0.082442312653327,-0.0005));
#2622=CARTESIAN_POINT('',(-0.0513995265033306,-0.082442312653327,-0.0005));
#2623=CARTESIAN_POINT('',(-0.0499495265033306,-0.083244909803092,-0.0005));
#2624=CARTESIAN_POINT('',(-0.0513995265033306,-0.0807832100079969,-0.0005));
#2625=CARTESIAN_POINT('',(-0.0513995265033306,-0.0791241073626667,-0.0005));
#2626=CARTESIAN_POINT('',(-0.0513995265033306,-0.0791241073626667,-0.0005));
#2627=CARTESIAN_POINT('',(-0.0513995265033306,-0.0807832100079969,-0.0005));
#2628=CARTESIAN_POINT('',(-0.0499495265033306,-0.0783215102129018,-0.0005));
#2629=CARTESIAN_POINT('',(-0.0499495265033306,-0.0783215102129018,-0.0005));
#2630=CARTESIAN_POINT('',(-0.0173625009953976,-0.0606243538125642,-0.0005));
#2631=CARTESIAN_POINT('',(-0.0173625009953976,-0.0854698827145485,-0.0005));
#2632=CARTESIAN_POINT('',(-0.0338625009953976,0.0242019372029532,0.0208301270189222));
#2633=CARTESIAN_POINT('',(-0.000862500995397565,0.0242019372029533,0.0208301270189222));
#2634=CARTESIAN_POINT('',(-0.0173625009953976,-0.0854698827145485,-0.002502));
#2635=CARTESIAN_POINT('',(-0.0173625009953976,-0.0854698827145485,-0.002502));
#2636=CARTESIAN_POINT('',(-0.0173625009953976,-0.0854698827145485,-0.002502));
#2637=CARTESIAN_POINT('',(-0.0173625009953976,-0.0854698827145485,-0.002502));
#2638=CARTESIAN_POINT('',(-0.0173625009953976,-0.109969882714548,-0.00051));
#2639=CARTESIAN_POINT('',(-0.0173625009953976,-0.109969882714548,-0.00051));
#2640=CARTESIAN_POINT('',(-0.0144875009953976,-0.109969882714548,-0.00051));
#2641=CARTESIAN_POINT('',(-0.0173625009953976,-0.061294226793642,-0.00051));
#2642=CARTESIAN_POINT('',(0.0038551213973212,-0.0977198827145485,-0.00051));
#2643=CARTESIAN_POINT('',(0.0038551213973212,-0.0977198827145485,-0.00051));
#2644=CARTESIAN_POINT('',(0.0067301213973212,-0.0977198827145485,-0.00051));
#2645=CARTESIAN_POINT('',(-0.0173625009953976,-0.061294226793642,-0.00051));
#2646=CARTESIAN_POINT('',(0.00385512139732118,-0.0732198827145485,-0.00051));
#2647=CARTESIAN_POINT('',(0.00385512139732118,-0.0732198827145485,-0.00051));
#2648=CARTESIAN_POINT('',(0.00673012139732118,-0.0732198827145485,-0.00051));
#2649=CARTESIAN_POINT('',(-0.0173625009953976,-0.061294226793642,-0.00051));
#2650=CARTESIAN_POINT('',(-0.0173625009953976,-0.0609698827145485,-0.00051));
#2651=CARTESIAN_POINT('',(-0.0173625009953976,-0.0609698827145485,-0.00051));
#2652=CARTESIAN_POINT('',(-0.0144875009953976,-0.0609698827145485,-0.00051));
#2653=CARTESIAN_POINT('',(-0.0173625009953976,-0.061294226793642,-0.00051));
#2654=CARTESIAN_POINT('',(-0.0385801233881163,-0.0977198827145485,-0.00051));
#2655=CARTESIAN_POINT('',(-0.0385801233881163,-0.0977198827145485,-0.00051));
#2656=CARTESIAN_POINT('',(-0.0357051233881163,-0.0977198827145485,-0.00051));
#2657=CARTESIAN_POINT('',(-0.0173625009953976,-0.061294226793642,-0.00051));
#2658=CARTESIAN_POINT('',(-0.0385801233881163,-0.0732198827145485,-0.00051));
#2659=CARTESIAN_POINT('',(-0.0385801233881163,-0.0732198827145485,-0.00051));
#2660=CARTESIAN_POINT('',(-0.0357051233881163,-0.0732198827145485,-0.00051));
#2661=CARTESIAN_POINT('',(-0.0173625009953976,-0.061294226793642,-0.00051));
#2662=MECHANICAL_DESIGN_GEOMETRIC_PRESENTATION_REPRESENTATION('',(#1573),
#2663);
#2663=(
GEOMETRIC_REPRESENTATION_CONTEXT(3)
GLOBAL_UNCERTAINTY_ASSIGNED_CONTEXT((#2664))
GLOBAL_UNIT_ASSIGNED_CONTEXT((#2667,#2666,#2665))
REPRESENTATION_CONTEXT('RM65-B CamMount','TOP_LEVEL_ASSEMBLY_PART')
);
#2664=UNCERTAINTY_MEASURE_WITH_UNIT(LENGTH_MEASURE(1.E-8),#2667,
'DISTANCE_ACCURACY_VALUE','Maximum Tolerance applied to model');
#2665=(
NAMED_UNIT(*)
SI_UNIT($,.STERADIAN.)
SOLID_ANGLE_UNIT()
);
#2666=(
NAMED_UNIT(*)
PLANE_ANGLE_UNIT()
SI_UNIT($,.RADIAN.)
);
#2667=(
LENGTH_UNIT()
NAMED_UNIT(*)
SI_UNIT($,.METRE.)
);
#2668=PRODUCT_DEFINITION_SHAPE('','',#2669);
#2669=PRODUCT_DEFINITION('','',#2671,#2670);
#2670=PRODUCT_DEFINITION_CONTEXT('',#2677,'design');
#2671=PRODUCT_DEFINITION_FORMATION_WITH_SPECIFIED_SOURCE('','',#2673,
 .NOT_KNOWN.);
#2672=PRODUCT_RELATED_PRODUCT_CATEGORY('','',(#2673));
#2673=PRODUCT('RM65-B CamMount','RM65-B CamMount','RM65-B CamMount',(#2675));
#2674=PRODUCT_CATEGORY('','');
#2675=PRODUCT_CONTEXT('',#2677,'mechanical');
#2676=APPLICATION_PROTOCOL_DEFINITION('international standard',
'ap242_managed_model_based_3d_engineering',2011,#2677);
#2677=APPLICATION_CONTEXT('managed model based 3d engineering');
ENDSEC;
END-ISO-10303-21;
